"Foreign direct investment, net outflows (% of GDP)",1960,1961,1962,1963,1964,1965,1966,1967,1968,1969,1970,1971,1972,1973,1974,1975,1976,1977,1978,1979,1980,1981,1982,1983,1984,1985,1986,1987,1988,1989,1990,1991,1992,1993,1994,1995,1996,1997,1998,1999,2000,2001,2002,2003,2004,2005,2006,2007,2008,2009,2010,2011
Afghanistan,,,,,,,,,,,,,,,,,,,,,,,,,,,,,,,,,,,,,,,,,,,,,,,,,,,,
Albania,,,,,,,,,,,,,,,,,,,,,,,,,,,,,,,,,,,,,,,,,,,,,0.182249301,0.048487218,0.116287189,0.13932918,0.649480881,0.325656199,0.001585639,
Algeria,,,,,,,,,,,,,,,,,,0.026447298,0.000956398,0.046839955,0.079385651,0.032915298,0.025048215,0.02995293,0.027279657,0.004119464,-0.008346683,0.022552946,0.008297615,0.014647673,0.00755709,0.110006666,,,,,,,,,,,,,,-0.019542873,0.029017835,0.217225534,0.185976582,0.1556618,,
American Samoa,,,,,,,,,,,,,,,,,,,,,,,,,,,,,,,,,,,,,,,,,,,,,,,,,,,,
Andorra,,,,,,,,,,,,,,,,,,,,,,,,,,,,,,,,,,,,,,,,,,,,,,,,,,,,
Angola,,,,,,,,,,,,,,,,,,,,,,,,,,,,,,,0.008771765,,,,,,,,,,,,0.251055429,0.169314601,0.178202831,0.716112052,0.421991617,1.508283552,3.052612713,0.008945401,1.578145206,
Antigua and Barbuda,,,,,,,,,,,,,,,,,,,,,,,,,,,,,,,,,,,,,,,,,,,,,,,,,,,,
Argentina,,,,,,,,,,,,,,,,,,-0.001761152,-0.039598594,-0.085195691,-0.14292782,-0.135999357,-0.035584028,0.001923463,,,,,,,,,0.509623851,0.297807556,0.393429214,0.580218619,0.588186817,1.247296274,0.777885847,0.61027954,0.317036005,0.059872964,-0.614600104,0.597065815,0.441449936,0.715669853,1.13923153,0.57684453,0.425778794,0.231713523,0.261639904,
Armenia,,,,,,,,,,,,,,,,,,,,,,,,,,,,,,,,,,,,,,,,,,,,0.012824801,0.06290864,0.137190671,0.048235439,-0.023245009,0.087547123,0.609609936,0.088035804,
Aruba,,,,,,,,,,,,,,,,,,,,,,,,,,,,,,,,,,,,,0.024291496,-0.109409183,0.083864475,-0.246433198,-0.018034264,-0.270667833,-0.321543408,,,,,,,,,
Australia,0.095378938,0.118362235,0.083597428,0.082456947,0.093305482,0.175192166,0.121957093,0.175114226,0.179846468,0.290544513,0.268591884,0.22847816,0.245183185,0.401760077,0.27246938,0.162842187,0.250685086,0.239479213,0.19752309,0.252171601,0.304719416,0.410577944,0.356058888,0.291689228,0.720979202,1.031867303,1.813436867,2.686309491,2.441578249,0.956682262,0.322476577,0.367559224,1.565902184,0.616542954,0.864406462,0.880825046,1.747167554,1.455057918,0.833937219,-0.108150755,0.785633624,3.145434426,1.962279773,3.675468081,1.796177223,-4.873190975,3.191907215,2.32960294,3.589952302,1.70102012,2.167370691,
Austria,,,,,,,,0.017272005,0.134484954,0.091461836,0.056704664,0.203749807,0.175196721,0.132284635,0.056466484,0.064960464,0.131793938,0.168347895,0.145906695,0.115603992,0.123627918,0.299210862,0.197073076,0.263824986,0.104319064,0.106756246,0.322375228,0.254676789,0.234559175,0.657522303,1.031693296,0.751255004,0.876572406,0.631543731,0.624416666,0.47577928,0.818378531,0.954997279,1.304397987,1.558146049,2.914683251,1.634005036,2.767665868,2.812976091,2.890772354,26.83487369,2.632863965,19.0864408,7.131380195,3.119057617,-5.375686804,
Azerbaijan,,,,,,,,,,,,,,,,,,,,,,,,,,,,,,,,,,,,,,0.000100941,0.000449802,,0.014414094,,5.221499313,12.82684168,13.87955009,9.216535426,3.362314827,0.864282453,1.137299409,0.736312996,0.448055021,
Bahamas,,,,,,,,,,,,,,,,,,,,,,,,,,,,,,0.013063357,-0.00315856,-0.041785058,0.009649405,0.003234153,-0.003068426,0.002916302,-0.008312552,0.008062697,0.018679285,0.003322275,,,,,,,,,,,,
Bahrain,,,,,,,,,,,,,,,,,,,,,,,,,,,,,,,0.591046257,1.08313647,1.113972197,0.746688496,3.568357796,-0.274825789,4.995559015,0.750417809,2.924094512,2.467102276,0.119847933,2.723640292,2.237970507,7.605509404,9.217413826,8.435034284,6.181373181,9.035566012,7.398469025,-8.698703885,,
Bangladesh,,,,,,,,,,,,,,,,,,,,,,,,,,,,,,,,,,,,,,0.007244107,0.006808893,0.000131229,,,0.005627424,0.005350841,0.007193722,0.003218305,,,,,0.000257725,
Barbados,,,,,,,,,,,0.110192837,0.645329215,-0.022301741,0.286786728,0.042911668,0.197067651,0.217953964,0.080789047,-0.009043615,0.037296028,0.06973189,0.126722673,0.050535178,0.133274334,0.131012259,0.187784768,0.209035335,0.169121222,0.061652526,0.173129918,0.081850479,0.077052221,0.053509601,0.158418065,0.06369638,0.177500872,0.179031027,0.054735458,0.040176943,0.05266562,0.041034057,0.043066539,0.018941032,0.018553704,0.137585393,0.303814022,1.392958528,2.412259818,-0.169887253,1.756964827,8.268754337,
Belarus,,,,,,,,,,,,,,,,,,,,,,,,,,,,,,,,,,,,,,0.014863666,0.015109695,0.006590608,0.001570246,0.002428202,-1.412819829,0.008414941,0.005617592,0.00827538,0.008116462,0.033572084,0.050359193,0.20742312,0.092116831,
Belgium,,,,,,,,,,,,,,,,,,,,,,,,,,,,,,,,,,,,,,,,,,,3.521509477,12.52632278,9.58887757,8.626730494,12.54115775,18.17662094,42.13104475,1.40258984,10.19813891,
Belize,,,,,,,,,,,,,,,,,,,,,,,,,,,,,,,,,,,,,0.88340141,0.596149679,0.653241373,,,,,0.0362308,0.006081963,0.087991071,0.047122276,0.07722081,0.202969704,0.034192027,0.080019794,
Benin,,,,,,,,,,,,,,,,,,,,0.016644279,,0.002280243,0.04176843,0.049593234,0.045068924,,,,,,,,,,,,0.992791693,0.609216163,0.222903058,0.060480391,0.158902035,0.097204063,0.048091298,0.008849553,-0.03236367,-0.008976341,-0.036513443,-0.109852952,-0.05974801,0.469818496,,
Bermuda,,,,,,,,,,,,,,,,,,,,,,,,,,,,,,,,,,,,,,,,,,,,,,,,,,,,
Bhutan,,,,,,,,,,,,,,,,,,,,,,,,,,,,,,,,,,,,,,,,,,,,,,,,,,,,
Bolivia,,,,,,,,,,,,,,,,,,,,,0.011019313,0.00169733,0.001787592,0.001844115,,,,0.039318871,0.041325769,0.021204506,0.022598486,0.037430336,0.035436712,0.034875386,0.0367818,0.029783336,0.028390072,0.030281108,0.032950871,0.033795766,0.033341835,0.031689441,0.032888557,0.034395739,0.031914463,0.031416256,0.026197905,0.022864952,0.017990987,0.017301046,-0.146594222,
Bosnia and Herzegovina,,,,,,,,,,,,,,,,,,,,,,,,,,,,,,,,,,,,,,,,,,,,,0.015338161,0.00405707,0.033817508,0.186802663,0.088484826,0.032050539,0.263386507,
Botswana,,,,,,,,,,,,,,,,,0.030927365,0.052599496,,,0.218237698,-0.011133141,,-0.108884758,-0.018616041,0.132046382,,,,,0.194212849,0.21583631,0.237802332,0.228158496,0.218024583,0.856898875,-0.021940814,0.079218235,0.067382081,0.02580059,0.039999412,6.490578193,0.704161518,2.606409854,-0.370180746,0.545154689,0.443460125,0.412301539,-0.676157798,0.567896592,0.001812883,
Brazil,,,,,,,,,,,,,,,,0.09053477,0.119860082,0.082873892,0.061752714,0.087122925,0.156153867,0.078539666,0.133483714,0.091980249,0.020093395,0.036332191,0.053330902,0.04692535,0.052966521,0.122886693,0.143954418,0.24893342,0.035077249,0.112023855,0.189845593,0.179985419,-0.05561621,0.119605144,0.322459652,0.287971715,0.353898018,-0.407814068,0.492265668,0.04512468,1.426839822,0.285280317,2.589957156,0.517331589,1.237847457,-0.632442226,0.554989397,
Brunei,,,,,,,,,,,,,,,,,,,,,,,,,,,,,,,,,,,,,,,,,,,,,0.528114781,,0.152184925,,,,,
Bulgaria,,,,,,,,,,,,,,,,,,,,,,,,,,,,,,,,,,,,-0.061213148,-0.320573593,-0.016909586,0.000558925,0.129396032,0.025449789,0.069658338,0.177342738,0.128229998,-0.858155803,1.06459663,0.526513181,0.739554229,1.547746971,-0.227319188,0.532666913,
Burkina Faso,,,,,,,,,,,,,,,0.050841317,0.071981161,0.025716017,0.032382262,0.051952342,0.020702122,0.001717962,0.001450613,0.013009559,0.001639867,0.000940587,0.002007219,0.001985264,,,,,,,,,,,,,,0.006401528,0.021630326,0.083695176,0.111041744,-0.112856674,0.321992378,0.688305538,0.490504453,0.604363883,0.419198493,,
Burundi,,,,,,,,,,,,,,,,,,,,,,,,,,,,,,0.004526356,0.000515787,0.002359631,,0.014481228,0.011124397,0.060032539,,,,0.058805185,,0.001818175,,,,,,0.003584907,0.049785194,,,
Cambodia,,,,,,,,,,,,,,,,,,,,,,,,,,,,,,,,,,,,,,,0.63430452,0.258497959,0.180430837,0.183124164,0.140662008,0.207395619,0.191894342,0.099760908,0.11522315,0.012675423,0.197924683,0.180862763,0.183059849,
Cameroon,,,,,,,,,,,,,,,,,,0.130584856,0.155759417,-0.03721021,-0.122175203,-0.004819195,0.058594841,0.070743638,0.129653975,0.129483607,0.147899647,0.093851178,0.229233092,0.234117528,0.13536737,0.173041885,0.290070293,0.163369733,0.004297507,0.006882034,0.083177982,-0.039612594,0.249386346,-0.111216569,0.09602841,0.366837471,-0.304509635,0.062308956,0.060500019,-0.139675441,-0.26726577,-0.029102321,-0.199341424,-0.634571319,-0.159259925,
Canada,0.125216277,0.231611308,0.459687697,0.554453622,0.272859657,0.303154036,0.241459988,0.383570379,0.544144812,0.682097609,1.076975569,0.469890255,0.072290955,0.904213396,0.861547476,0.73202349,0.494293747,0.784900803,1.060781357,1.604126565,1.52233773,1.844410256,0.77008429,0.787430424,1.055146682,1.086410675,0.949927209,1.689223412,1.248702423,0.948737394,0.897385724,0.975700809,0.612010632,1.013256287,1.648107342,1.945760781,2.135519891,3.618442384,5.53085606,2.61048722,6.136789445,5.053276681,3.650444695,2.72823743,4.297262777,2.436657649,3.625197133,4.054462168,5.40122645,3.207190468,2.481261292,
Cape Verde,,,,,,,,,,,,,,,,,,,,,,,,,,,,,0.063035577,0.260652599,0.093511605,0.155062138,0.30565519,0.182852816,0.101066755,0.116960728,0.052464729,0.009833046,,0.071180701,0.251801812,0.092988089,,0.105159761,,,,0.026395876,-0.162182228,-0.010619856,-0.009078496,
Cayman Islands,,,,,,,,,,,,,,,,,,,,,,,,,,,,,,,,,,,,,,,,,,,,,,,,,,,,
Central African Rep.,,,,,,,,,,,,,,,,,,0.017651798,-0.219188148,0.046958345,,,0.045953442,0.067330408,0.039468812,0.069747084,0.112909872,0.212257565,0.371361285,0.300457855,0.25481679,0.249388334,0.408315802,0.409478322,0.844614221,,,,,,,,,,,,,,,,,
Chad,,,,,,,,,,,,,,,,,,,-0.093490082,0.12872091,0.041236573,0.012589554,0.014953669,0.010718578,,0.025639811,0.040022046,0.687250581,0.93344342,0.875022449,,0.559526078,0.731965136,0.746941556,0.047629434,,,,,,,,,,,,,,,,,
Channel Islands,,,,,,,,,,,,,,,,,,,,,,,,,,,,,,,,,,,,,,,,,,,,,,,,,,,,
Chile,,,,,,,,,,,,,,,,,,0.037427544,0.025974985,0.053063777,,,,,0.057194148,0.010311772,0.014106333,0.02631315,0.063309343,0.023956283,0.023765066,0.344002365,0.894576953,0.910387192,1.651188048,1.053971139,1.495931187,1.766345526,1.868985807,3.504231712,5.300648879,2.347633234,0.510148564,2.1709193,1.634159554,1.845853507,1.479467621,1.565789428,4.709581313,5.011181761,4.110029277,
China,,,,,,,,,,,,,,,,,,,,,,,0.021655332,0.040708067,0.052052551,0.2051087,0.151091952,0.238560034,0.274616435,0.226761536,0.232534097,0.240599582,0.946385111,0.998862888,0.35763799,0.274722558,0.246938174,0.269038236,0.258372438,0.163854534,0.076430468,0.519622892,0.173226009,-0.009279567,0.093446451,0.500938251,0.779962516,0.486393287,1.182508053,0.879503418,1.014925126,
Colombia,,,,,,,,,0.033792531,0.062446918,0.055568109,0.038475684,0.012520625,0.011556379,0.048610978,0.030537536,0.071701392,0.112988673,0.176241662,0.085897157,0.317358503,0.101680786,0.07442,0.269247294,0.060125813,0.020060514,0.091579065,0.07148098,0.112208986,0.073343295,0.039727662,0.058924016,0.101461893,0.430087949,0.182320703,0.276951611,0.337512248,0.75887845,0.808581842,0.134054043,0.324167234,0.016324248,0.87221344,0.987906486,0.121555826,3.180679052,0.674596288,0.440071917,0.92132885,1.309440497,2.271376824,
Comoros,,,,,,,,,,,,,,,,,,,,,,,,,,,,,,,0.440692873,,,,,,,,,,,,,,,,,,,,,
"Congo, Dem. Rep.",,,,,,,,,,,,,,,,,,,,,,,,,,,,,,,,,,,,,,,,,,,,,,,,,,,,
"Congo, Rep.",,,,,,,,,,,,,,,,,,,,,,,,,,,,,,,,,,,,0.076500904,-0.015388154,0.150549694,-0.417354889,0.820466209,0.119433558,0.209881792,0.138011663,0.049217443,0.097727828,,,,,,,
Costa Rica,,,,,,,,,,,,,,,,,,,0.045413146,0.027257953,0.093139795,0.129582698,0.092073216,0.135799385,0.084895025,0.097985492,0.065718669,0.077039849,0.014842278,0.087382008,0.028365126,0.078184484,0.051320268,0.02386315,0.044517986,0.046918892,0.048044332,0.034375308,0.034194289,0.031675123,0.031354954,0.05814867,0.202143306,0.153804778,0.325739874,-0.215188943,0.435423089,0.996900093,0.019823721,0.025513086,0.069144517,
Cote d'Ivoire,,,,,,,,,,,,,,,,,,,,,,,,,,,,,,,,,,,,,0.003220672,,,,,,,,,,,,,,,
Croatia,,,,,,,,,,,,,,,,,,,,,,,,,,,,,,,,,,0.188195516,0.047447777,0.033165964,0.11371441,0.822477624,0.393148937,0.259975943,0.023899092,0.800651635,2.064030296,0.355955645,0.844580852,0.528932507,0.523900324,0.477289909,1.884122279,1.991363841,-0.23732348,
Cuba,,,,,,,,,,,,,,,,,,,,,,,,,,,,,,,,,,,,,,,,,,,,,,,,,,,,
Cyprus,,,,,,,,,,,,,,,,,,,,,,,,,,0.006717025,,0.061715467,0.015025483,0.017720975,0.081993313,0.253746106,0.212399807,0.186086533,0.082082383,0.169655506,0.376278995,0.313459828,0.740412162,1.86757889,1.847483864,2.573942188,5.191198388,4.427185315,4.499717256,3.221713545,4.861775931,5.782437054,13.35762076,3.866440429,4.339910836,
Czech Rep.,,,,,,,,,,,,,,,,,,,,,,,,,,,,,,,,,,0.261543695,0.283089902,0.066261844,0.249467489,0.048408102,0.202680872,0.149490235,0.07524287,0.266283334,0.280828379,0.227654254,0.947272491,-0.02151089,1.037134397,0.942700899,1.996851627,0.482271771,0.915572455,
Denmark,,,,,,,,,,,,,,,,0.199053138,0.145482259,0.33009792,0.05602437,0.241991102,0.280666841,0.229887272,0.138657806,0.25356109,0.500504253,0.500681769,0.757772744,0.576176447,0.636299337,1.877003123,1.091176459,1.354842392,1.488760932,0.976341315,2.709612394,1.631284222,1.361157837,2.555102541,2.427020989,10.2441113,17.72911786,8.196567899,1.523840764,0.402730588,-4.057537899,6.289478201,2.968945345,6.420725642,4.16547764,1.883873421,1.060923046,
Djibouti,,,,,,,,,,,,,,,,,,,,,,,,,,,,,,,,,,,,,,,,,,,,,,,,,,,,
Dominica,,,,,,,,,,,,,,,,,,,,,,,,,,,,,,,,,,,,,,,,,,,,,,,,,,,,
Dominican Rep.,,,,,,,,,,,,,,,,,,,,,,,,,,,,,,,,,,,,,,,,,,,,,,,,,,,,
Ecuador,,,,,,,,,,,,,,,,,,,,,,,,,,,,,,,,,,,,,,,,,,,,,,,,,,,,
Egypt,,,,,,,,,,,,,,,,,,0.048889927,0.132510879,0.0283353,0.03055101,0.025635105,0.031259321,0.06752586,0.052214424,0.008648135,0.016722286,0.046904391,0.034242048,0.057092693,0.027822593,0.167701025,0.009556693,,0.082854857,0.154589707,0.0073932,0.164719072,0.053048017,0.041340215,0.051082477,0.012700753,0.031644604,0.024962713,0.201534182,0.102580428,0.138067017,0.509511896,1.179352317,0.302247668,0.537017228,
El Salvador,,,,,,,,,,,,,,,,,,,,,,,,,,,,,,,,,,,,,0.023252575,,0.008560528,0.431620446,-0.038068705,-0.070225003,-0.179636115,0.123615145,-0.017406936,0.660473388,-0.141773626,0.473516406,0.370631328,0.008518465,0.288950586,
Equatorial Guinea,,,,,,,,,,,,,,,,,,,,,,,,,,,,,,,,,,,,,,,,,,,,,,,,,,,,
Eritrea,,,,,,,,,,,,,,,,,,,,,,,,,,,,,,,,,,,,,,,,,,,,,,,,,,,,
Estonia,,,,,,,,,,,,,,,,,,,,,,,,,,,,,,,,,0.04696785,0.159847218,0.059659147,0.057382021,0.84633463,2.703761615,0.112380975,1.453202288,1.117474909,3.206063376,1.801424705,1.585803977,2.229109264,4.944957888,6.615089984,8.045900547,4.797508774,8.176166059,0.662182415,
Ethiopia,,,,,,,,,,,,,,,,,,,,,,,,,,,,,,,,,,,,,,,,,,,,,,,,,,,,
Faeroe Islands,,,,,,,,,,,,,,,,,,,,,,,,,,,,,,,,,,,,,,,,,,,,,,,,,,,,
Fiji,,,,,,,,,,,,,,,,,,,,,0.182990503,-0.12213216,0.067363772,0.008754859,0.047047898,1.139430003,-0.054732444,2.477560468,0.132278986,2.416893048,0.981307609,-0.48973007,1.684847178,1.764851143,-0.014967564,-0.144354007,0.46184739,1.432329391,3.779170534,2.729163069,0.136939674,0.159386418,0.093361365,0.166298226,0.118754463,0.344030561,0.018621931,-0.18991098,-0.24446384,0.105540139,0.182063162,
Finland,,,,,,,,,,,,,,,,0.089200005,0.096979694,0.218089732,0.174529762,0.284552688,0.258015615,0.248888961,0.149788929,0.275564025,0.944334823,0.632794332,1.051350179,1.267226203,2.448206006,2.541234938,2.003247292,-0.095757948,-0.687150501,1.604493813,4.326517757,1.142288215,2.792414025,4.277028505,14.40902523,5.171299004,19.62186592,6.785821351,5.564627179,-1.383087664,-0.606204747,2.255202011,2.348895997,2.933481396,3.103866086,2.062738781,4.472876661,
France,,,,,,,,,,,,,,,,0.376250371,0.446046155,0.247308816,0.380191936,0.328424908,0.448363084,0.751565033,0.495771749,0.311303785,0.406211095,0.412664504,0.712335361,1.003421974,1.447933472,1.936190197,2.79894577,1.921601681,2.277475479,1.588623807,1.786404339,1.006383536,1.930415445,2.49649725,3.11131057,8.611517651,13.14221415,6.498256102,3.485660142,2.97832701,2.768098629,5.327539887,4.938890966,6.470487522,5.648135111,3.927673913,3.296624473,
French Polynesia,,,,,,,,,,,,,,,,,,,,,,,,,,,,,,,,,,,,,,,,,,,,,,,,,,,,
Gabon,,,,,,,,,,,,,,,,,,,,0.221841289,0.186923638,0.183896111,0.132901514,0.168693235,0.094461587,0.121292102,0.193430146,0.234211337,0.253917181,0.191687725,0.483770043,0.275553321,0.459377368,0.056457603,,0.706530993,0.040373332,0.393458337,0.740501818,1.584363084,0.499836328,0.079688703,-0.466920747,-0.344945965,-0.345138571,0.870178504,,,,,,
Gambia,,,,,,,,,,,,,,,,,,,,,,,,,,,,,,,,,,,,,,,,,,,,,,,,,,,,
Georgia,,,,,,,,,,,,,,,,,,,,,,,,,,,,,,,,,,,,,,,,0.035713975,0.103484257,0.12611944,0.120517278,0.094265771,0.186713631,-1.395653636,-0.204397423,0.750466992,0.546789606,-0.009871659,0.05048629,
Germany,,,,,,,,,,,,0.49615653,0.62199808,0.509334471,0.492479469,0.459404691,0.518713272,0.414217952,0.54984122,0.58806246,0.510009449,0.581240941,0.401847519,0.492034849,0.664943249,0.816235324,1.031811639,0.69726913,1.071786447,1.121029601,1.428086267,1.270641203,0.907349324,0.853966012,0.881722785,1.549778584,2.082555356,1.980546808,4.128659761,5.099172025,3.167124573,2.086788892,0.978149251,0.21263789,0.732166629,2.781934536,4.106976038,5.166787259,2.24173258,2.363760104,3.303175371,
Ghana,,,,,,,,,,,,,,,,,,,,,,,,,,,,,,,,,,,,,,,,,,,,,,,,,0.030918162,0.026560387,,
Gibraltar,,,,,,,,,,,,,,,,,,,,,,,,,,,,,,,,,,,,,,,,,,,,,,,,,,,,
Greece,,,,,,,,,,,,,,,,,,,,,,,,,,,,,,,,,,,,,,,,0.40717043,1.686650827,0.470573023,0.457242367,0.194537359,0.451035715,0.614813311,1.612542683,1.725754875,0.813683485,0.651637121,0.322282745,
Greenland,,,,,,,,,,,,,,,,,,,,,,,,,,,,,,,,,,,,,,,,,,,,,,,,,,,,
Grenada,,,,,,,,,,,,,,,,,,,,,,,,,,,,,,,,,,,,,,,,,,,,,,,,,,,,
Guam,,,,,,,,,,,,,,,,,,,,,,,,,,,,,,,,,,,,,,,,,,,,,,,,,,,,
Guatemala,,,,,,,,,,,,,,,,,,,,,,,,,,,,,,,,,,,,,,,,,,,,,0.171915369,0.141118206,0.13231394,0.074458185,0.041904845,0.069792692,0.057057676,
Guinea,,,,,,,,,,,,,,,,,,,,,,,,,,,,,,,,,,,,,0.012923128,,,,,,,,,,,,1.68437323,,,
Guinea-Bissau,,,,,,,,,,,,,,,,,,,,,,,,,,,,,,,,,,,,,,,,,,-0.198766691,0.500999361,0.108617279,-1.43529645,0.121458453,0.08727242,0.030509922,-0.097567179,-0.011671281,,
Guyana,,,,,,,,,,,,,,,,,,,,,,,,,,,,,,,,,,,,,,,,,,,,,,,,,,,,
Haiti,,,,,,,,,,,,,,,,,,,,,,,,,,,,,,,,-0.391215342,,,,,,,,,,,,,,,,,,,,
Honduras,,,,,,,,,,,,,,,,,,,,,,,,,,,,,,,,,,,,,,,,,0.091477902,0.037005213,0.083585826,0.148164964,-0.070118057,-0.01075097,0.005495714,0.011810718,-0.007015549,0.004832317,-0.008996374,
"Hong Kong, China",,,,,,,,,,,,,,,,,,,,,,,,,,,,,,,,,,,,,,,10.17602594,11.8621954,35.09450925,6.809950012,10.66240016,3.463447611,27.5578229,15.30105072,23.68136383,29.51356672,23.47120073,30.5778101,42.50867629,
Hungary,,,,,,,,,,,,,,,,,,,,,,,,,,,,,,,,,0.000409089,0.02718416,0.115662788,0.129945155,-0.008325476,0.964662254,0.579247632,0.512937583,1.269020603,0.690924273,0.425021588,1.988386121,1.09455001,2.02135558,16.52890771,49.72638436,45.86957873,2.97480081,-35.56007412,
Iceland,,,,,,,,,,,,,,,,,,,,,,,,,,,0.053428067,0.012871107,0.018284061,0.146729025,0.183142039,0.421000907,0.092646659,0.237400016,0.364899217,0.354741176,0.867997661,0.761999808,0.907145803,1.424282593,4.3063536,4.192724941,3.843296589,3.50216535,19.5261452,43.68154128,33.36142644,50.06253673,-22.49427421,18.75865568,-19.72843648,
India,,,,,,,,,,,,,,,,,,,,,,,,,,,,,,,,,,0.000127026,0.025527584,0.032890657,0.061627001,0.027479879,0.011433693,0.017616349,0.110724222,0.292558157,0.330870811,0.31338286,0.301994162,0.357031793,1.507733427,1.390909356,1.583605352,1.156427751,0.761446159,
Indonesia,,,,,,,,,,,,,,,,,,,,,,,,,,,,,,,,,,0.225306688,0.344277576,0.298319861,0.263887438,0.082503335,,,,,,,1.326912224,1.072170883,0.747661364,1.081667967,1.15625542,0.417001725,0.37707403,
Iran,,,,,,,,,,,,,,,,,,,,,,,,,,,,,,,,,,,,,,,,,,,,,,,,,,,,
Iraq,,,,,,,,,,,,,,,,,,,,,,,,,,,,,,,,,,,,,,,,,,,,,,0.283233075,0.676573894,0.013862101,0.038830433,,,
Ireland,,,,,,,,,,,,,,,,,,,,,,,,,,,,,,,0.763005011,0.403817529,0.397032769,0.432471715,0.790789726,1.223081702,0.982089665,1.242346618,5.623279893,6.327994934,4.758332691,3.881457226,8.952300465,3.515300384,9.685876604,7.128363105,6.837701015,7.911587986,7.04212563,12.02882929,8.764276254,
Isle of Man,,,,,,,,,,,,,,,,,,,,,,,,,,,,,,,,,,,,,,,,,,,,,,,,,,,,
Israel,-0.03463705,0.028678321,,,,0.109189807,0.175878808,0.153018856,0.07577376,-0.065674068,0.167525979,0.071773231,,,,-0.016211414,0.048092539,0.043553161,0.05139937,0.005710587,-0.013773492,0.489732575,0.770773692,0.365220219,0.092540089,0.397551498,0.427588634,0.471581848,0.335364964,0.245292729,0.379879525,0.55940238,0.881084513,0.933476773,0.993173696,0.853798511,0.773558519,0.851278841,1.023145848,0.748438685,2.673603863,0.558511759,0.867885817,1.75410644,3.573947793,2.194389909,10.60162937,5.152236843,3.567267838,0.867283267,3.662541191,
Italy,,,,,,,,,,,0.104562945,0.338181422,0.157732816,0.163413014,0.105777587,0.156337465,0.073513797,0.225601191,0.052692998,0.141930903,0.16093321,0.335380267,0.235381739,0.473767645,0.445981215,0.398423583,0.398019518,0.269723906,0.547481675,0.241368204,0.652360694,0.630337397,0.326100502,0.714252784,0.494642705,0.620586719,0.686803559,0.86878683,1.013170423,0.556430168,1.093963879,1.936304116,1.407697275,0.593351581,1.109065318,2.282994949,2.267914507,4.330553118,3.013041685,0.931621817,1.581851679,
Jamaica,,,,,,,,,,,,,,,,,,,,,,,,,,,,,,,,,,,1.067205058,1.140454451,1.429380621,0.757440691,0.937983999,1.074634558,0.824764723,0.977536869,0.763674796,1.237373205,0.591592395,0.905799522,0.712362466,0.891835697,0.532471772,0.486017198,0.408523534,
Japan,,,,,,,,,,,,,,,,,,0.236062192,0.241324966,0.283704532,0.223156569,0.413924568,0.412573332,0.300786624,0.467244679,0.475890834,0.726079644,0.828983138,1.19366854,1.548234398,1.651288163,0.907382314,0.458107604,0.318017206,0.378512737,0.427543599,0.505046692,0.611445439,0.638434697,0.509679407,0.675610362,0.939996493,0.817115413,0.680196899,0.672128894,0.998155116,1.150023389,1.678592811,2.680773344,1.482693635,1.048251121,
Jordan,,,,,,,,,,,,,0.213068032,0.58045815,0.285196044,0.45882131,0.164413427,,,,0.077222648,-0.157060772,0.070591501,0.095042128,0.051998931,-0.014616449,0.063859981,0.017767852,-0.001830583,0.404634296,-0.783110176,0.326234532,-0.064004388,-0.946070021,-0.37100499,-0.405755982,-0.62496183,,,0.055368661,0.101651418,0.351807051,0.144218994,-0.035960232,0.159442798,1.296305701,-0.882567516,0.270728557,0.056475303,0.288511828,0.103181196,
Kazakhstan,,,,,,,,,,,,,,,,,,,,,,,,,,,,,,,,,,,,0.001472443,,0.006315999,0.036593224,0.021338623,0.023851259,-0.115608357,1.730713794,-0.393513909,-2.963838645,-0.255341044,-0.474900204,3.007180414,0.902155913,2.739147496,5.245867254,
Kenya,,,,,,,,,,,,,,,,0.041781547,0.123830416,0.059142959,0.043908203,0.094412507,0.014839552,0.085461832,0.149470531,0.242485769,0.11093376,0.088283402,0.068108001,0.3858009,0.026300921,0.016454145,,,,,,0.125522045,0.022905644,0.045389463,0.086029967,0.190463343,,,0.056397569,0.013924872,0.027435841,0.0516986,0.106467813,0.132294671,0.143407006,0.150383457,0.004900514,
Kiribati,,,,,,,,,,,,,,,,,,,,,,,,,,,,,,,,,,,0.049435307,,,,,,,,,,,,,,,,,
"Korea, Dem. Rep.",,,,,,,,,,,,,,,,,,,,,,,,,,,,,,,,,,,,,,,,,,,,,,,,,,,,
"Korea, Rep.",,,,,,,,,,,,,,,,,0.020301304,0.055370636,0.054767505,0.028980301,0.040887076,0.066462154,0.198509023,0.153708524,0.055894692,0.611676293,1.102190963,0.367771024,0.342977841,0.259379457,0.398670109,0.483021497,0.352091473,0.370026989,0.581223732,0.686883672,0.837470373,0.861814257,1.224610039,0.85217915,0.840201387,0.435149002,0.52509953,0.642364337,0.782686104,0.75353045,1.174081885,1.879424735,2.174270137,2.061840981,1.895507071,
Kosovo,,,,,,,,,,,,,,,,,,,,,,,,,,,,,,,,,,,,,,,,,,,,,,,,,,,,
Kuwait,,,,,,,,,,,,,,,,0.774303657,0.833397289,0.370251503,0.60971374,-0.76025593,1.42100277,-0.601218863,0.499010045,1.15066603,0.435826956,0.325584152,1.383869166,3.465239405,2.303746438,4.087969348,1.298069765,-1.693407383,6.096536106,2.726101642,-6.113780718,-3.758334316,5.525356939,-3.193302837,-7.195930957,0.076342202,-0.803798788,-5.484861863,-0.201019326,-10.3598717,4.342609108,6.36375196,8.084319272,8.52861052,6.109957352,7.888935231,,
Kyrgyzstan,,,,,,,,,,,,,,,,,,,,,,,,,,,,,,,,,,,,,,,1.374408861,0.48507383,0.328541026,0.399970231,,,1.986505662,,,-0.004811593,-0.002489112,-0.005697192,-0.000537243,
Laos,,,,,,,,,,,,,,,,,,,,,,,,,,,,,,,,,,,,,,,,,,,,,,,,,,,,
Latvia,,,,,,,,,,,,,,,,,,,,,,,,,,,,,,,,,0.043606152,-0.100738872,-1.276918691,-1.241013705,0.053515547,0.099180951,0.816085014,0.233243369,0.154473309,0.212918301,0.035427552,0.446969221,0.795694122,0.799160175,0.866815138,1.288340513,0.788253591,-0.219123819,0.083299734,
Lebanon,,,,,,,,,,,,,,,,,,,,,,,,,,,,,,,,,,,,,,,,,,,0.001096478,3.042142469,3.795724429,3.272992695,3.898001212,3.38468132,3.279897122,3.223426819,1.247622999,
Lesotho,,,,,,,,,,,,,,,,,,,,,,,,,,,,,0.013814074,,,,,,,,,,,,,,0.007501768,0.000135828,0.07406288,-0.064844,0.233278372,-0.119011602,-0.111712206,-0.110342417,-0.104071621,
Liberia,,,,,,,,,,,,,,,,,,,,,,,,,,,,,,,,,,,,,,,,,,,,,,,,,,,,
Libya,,,,,,,,,,,,,,,,,,,,,,,,,,,,,,,0.364071392,0.543353237,-0.444397303,-1.56343651,0.090297929,0.268726634,0.187192217,0.760477582,0.938619251,0.74121262,0.289114535,0.615756571,-0.685396825,0.261818182,0.856682028,0.290909091,0.839170124,5.477187215,6.320001333,1.868171355,,
Liechtenstein,,,,,,,,,,,,,,,,,,,,,,,,,,,,,,,,,,,,,,,,,,,,,,,,,,,,
Lithuania,,,,,,,,,,,,,,,,,,,,,,,,,,,,,,,,,,,,0.012682014,0.001483398,0.265606643,0.037319898,0.078568092,0.032359063,0.058391879,0.124772318,0.199880037,1.164654734,1.321122227,0.962316842,1.5558254,0.752430891,0.544644256,0.226600942,
Luxembourg,,,,,,,,,,,,,,,,,,,,,,,,,,,,,,,,,,,,,,,,,,,,,,,,,,,,
"Macao, China",,,,,,,,,,,,,,,,,,,,,,,,,,,,,,,,,,,,,,,,,,,0.988321244,-0.028844765,-0.790673207,0.511909895,3.527446104,0.017828958,-0.445213567,-3.325336395,-1.78622984,
"Macedonia, FYR",,,,,,,,,,,,,,,,,,,,,,,,,,,,,,,,,,,,,,,0.000282803,0.00824531,-0.016806287,0.025376834,0.002756358,0.006243759,0.021034907,0.04624857,0.002949455,-0.012967259,-0.13776646,0.124139083,0.020659013,
Madagascar,,,,,,,,,,,,,,,,,,,,,,,,,,,,,,,,,,,,,,,,,,,,,,,,,,,,
Malawi,,,,,,,,,,,,,,,,,,,,,,,,,,,,,,,,,,,,,,,,,,,,0.05414827,0.064885036,0.052070307,0.046040686,0.041506637,-0.472044675,-0.406752707,,
Malaysia,,,,,,,,,,,,,,,,,,,,,,,,,,,,,,,,,,,,,,,,1.797090029,2.160207182,0.287595121,1.888766822,1.242689884,1.652364318,2.154597057,3.846057274,6.068392109,6.825500583,4.1539862,5.682575959,
Maldives,,,,,,,,,,,,,,,,,,,,,,,,,,,,,,,,,,,,,,,,,,,,,,,,,,,,
Mali,,,,,,,,,,,,,,,,0.073020272,0.810945209,0.763788735,0.724871284,-0.191524576,,,,,,,,,,,,,,,,,0.05933693,-0.274107534,-0.000587464,0.032225267,0.165648068,0.656586906,0.047083504,0.032617448,0.016039094,-0.689861756,-0.588232722,-0.163971904,-0.54932859,-0.344696221,,
Malta,,,,,,,,,,,,,,,,,,,,,,,,,,,,,,,,,,0.033407478,-0.034327628,0.032579947,1.985813773,0.935562183,0.546339438,1.511032499,0.538812978,0.246462611,-0.685937589,11.51665193,0.130619716,-0.40787031,0.469339151,0.210495541,3.570323348,1.644641757,1.056228649,
Marshall Islands,,,,,,,,,,,,,,,,,,,,,,,,,,,,,,,,,,,,,,,,,,,,,,,,,,,,
Mauritania,,,,,,,,,,,,,,,,,,,,,,,,,,,0.169136735,0.026779328,0.098538536,,,,,,,,,,,,,,,,,,,,,,,
Mauritius,,,,,,,,,,,,,,,,,-0.063508701,-0.091493608,-0.015912695,-0.208547943,,,,,,,,,0.0069436,0.026934988,0.022819473,0.380169381,1.343166729,1.017503743,0.02973137,0.089683971,0.060479686,0.075985553,0.328863508,0.149893658,0.282635992,0.063219963,0.182446391,-0.107269657,0.497777403,0.747388221,0.147387979,0.764554876,0.543783553,0.428754266,1.330702115,
Mayotte,,,,,,,,,,,,,,,,,,,,,,,,,,,,,,,,,,,,,,,,,,,,,,,,,,,,
Mexico,,,,,,,,,,,,,,,,,,,,,,,,,,,,,,,,,,,,,,,,,,0.707926238,0.137240567,0.178983265,0.583316374,0.762590868,0.604706766,0.796998221,0.10572501,0.795477673,1.310014935,
"Micronesia, Fed. Sts.",,,,,,,,,,,,,,,,,,,,,,,,,,,,,,,,,,,,,,,,,,,,,,,,,,,,
Moldova,,,,,,,,,,,,,,,,,,,,,,,,,,,,,,,,,,,,0.029663513,0.033035805,0.023315199,-0.045135789,0.005124767,0.006209154,0.008104511,0.027078775,0.005553027,0.123930452,-0.005354443,-0.027285096,0.394321774,0.265574153,0.124277505,0.060425601,
Monaco,,,,,,,,,,,,,,,,,,,,,,,,,,,,,,,,,,,,,,,,,,,,,,,,,,,,
Mongolia,,,,,,,,,,,,,,,,,,,,,,,,,,,,,,,,,,,,,,,,,,,,,,,,0.301088988,0.111013409,1.173810161,0.752038824,
Montenegro,,,,,,,,,,,,,,,,,,,,,,,,,,,,,,,,,,,,,,,,,,,,,,,,,,,,
Morocco,,,,,,,,,,,,,,,,,,,,,,,,,,,,,,,,0.081696515,0.11403497,0.086270785,0.078764387,0.044371907,0.082670789,0.025758148,0.050990544,0.045434824,0.158071003,0.257269531,0.070092856,0.025316763,0.054298823,0.124513453,0.686915115,0.840104435,0.35544412,0.526930042,0.638710526,
Mozambique,,,,,,,,,,,,,,,,,,,,,,,,,,,,,,,,,,,,,,,,,,,,,,,0.005707337,-0.003900588,0.000446667,0.028956898,-0.008082856,
Myanmar,,,,,,,,,,,,,,,,,,,,,,,,,,,,,,,,,,,,,,,,,,,,,,,,,,,,
Namibia,,,,,,,,,,,,,,,,,,,,,,,,,,,,,,,0.057556327,0.255739611,-0.055603605,0.304235687,-0.187927583,-0.100739808,-0.620877999,0.01790938,-0.063867154,-0.021850608,0.043503282,-0.352933875,,-0.23356118,-0.343779483,-0.168723945,-0.15780828,0.031050789,0.069510711,-0.032437525,0.036255063,
Nepal,,,,,,,,,,,,,,,,,,,,,,,,,,,,,,,,,,,,,,,,,,,,,,,,,,,0.00010496,
Netherlands,,,,,,,,4.130285107,3.90666379,4.111570783,3.724951104,3.194466654,3.237188788,3.162431799,3.522249283,2.701813583,2.312875343,2.557126083,2.329652912,3.774625723,3.273770163,2.977277696,2.222667822,2.698360374,3.634006079,2.02975028,2.200051627,3.814299648,2.933532854,6.209318992,4.652227104,4.230825523,3.799935323,3.039470075,5.006211147,4.818426633,7.640753392,6.338183305,9.173774788,13.89003323,19.34956406,12.67036311,7.253826163,8.292724017,4.730235673,20.34940639,9.456112789,6.866566094,7.758455256,3.261564677,6.321485455,
New Caledonia,,,,,,,,,,,,,,,,,,,,,,,,,,,,,,,,,,,,,,,,,,,,,,,,,,,,
New Zealand,,,,,,,,,,,,,0.037846493,0.150006407,0.152149875,0.170294519,0.266610454,0.210300048,0.306584895,0.365485925,0.468481041,0.432026642,0.293256661,0.312646739,1.985515605,1.279117968,1.974939842,1.101745596,0.844532257,4.40875385,3.582715342,1.648778721,-2.387214664,2.321069516,3.105699193,-0.764864751,-2.274407282,-0.121624353,1.621920437,1.322477225,1.432835872,-2.03810653,0.583118443,1.056859113,-0.430902352,-1.355562695,0.143849927,2.633229178,0.767427533,-1.104178316,,
Nicaragua,,,,,,,,,,,,,,,,,,,,,,,,,,,,,,,,,,,,,,,,,,,,,,,,,,,,
Niger,,,,,,,,,,,,,,,0.030364781,0.602005066,-0.132485462,-0.283340677,-0.38087149,0.531769824,-0.168867485,-0.027462134,0.16274448,0.098093169,0.018010894,0.134888166,1.544885187,0.45581645,0.205240611,0.071623468,0.0007403,0.112220442,1.736907505,0.358081923,-0.115565332,0.380060854,0.375570213,0.087911569,0.007835592,-0.01183005,-0.034520643,-0.186255639,-0.079190904,0.000125984,0.428447413,0.271978101,-0.026862534,0.187715885,0.453865997,1.700772086,,
Nigeria,,,,,,,,,,,,,,,,,,,,0.010509598,,,,,,,,,,,,,,,,,,,,,,,,,,0.013038154,0.219780612,0.52285793,0.507725566,0.904764708,0.451927845,
Northern Mariana Islands,,,,,,,,,,,,,,,,,,,,,,,,,,,,,,,,,,,,,,,,,,,,,,,,,,,,
Norway,,,,,,,,,,,,,,,,0.526682429,0.541687321,0.304580892,0.142862088,0.083080646,0.397437868,0.275435017,0.49396103,0.584810099,0.983226049,2.029507605,2.07226685,0.944647268,0.977764924,1.347720807,1.250167367,1.489252362,-0.09368955,0.607895885,1.739266368,1.919977751,3.674860486,3.162237189,2.117022918,3.65133097,5.605018658,0.493834,2.805830812,2.691326213,2.01912018,7.176341115,6.128901325,3.277164974,5.223260046,8.041233865,2.934593912,
Oman,,,,,,,,,,,,,,,,,,,,,,,,,,,,,,,,,,,,,,,,,,,0.012971851,0.410479292,0.168651838,0.755701416,0.746237009,-0.088759232,0.964874606,0.156492785,,
Pakistan,,,,,,,,,,,,,,,,,,,,,,,,,-0.015037355,-0.025256205,-0.00203659,0.057649404,0.033118241,0.107248976,0.004869438,-0.008222428,-0.023809684,-0.004183237,0.00186268,0.000676913,0.010716051,-0.03894469,0.08039625,0.033347172,0.014874438,0.042871127,0.038723871,0.022824248,0.057155824,0.040145985,0.085490196,0.068449529,0.029897794,0.043876174,0.026573254,
Palau,,,,,,,,,,,,,,,,,,,,,,,,,,,,,,,,,,,,,,,,,,,,,,,,,,,,
Panama,,,,,,,,,,,,,,,,,,,,,,,,,,,,,,,,,,,,,,,,,,,,,,,,,,,,
Papua New Guinea,,,,,,,,,,,,,,,,,-0.124639025,0.10805303,0.249618623,0.140723742,0.618075166,0.024711873,0.074870525,0.043865728,0.088979479,0.037879721,-0.329021483,-0.707149972,0.925474134,-0.503842274,0.000832344,,,,,,,,,,,,,0.231709153,0.015803676,0.134171077,0.019282749,0.122012671,0.001387045,0.055948311,0.002327472,
Paraguay,,,,,,,,,,,,,,,,,1.47148815,,0.195323393,,,,,,,,,,,,,,,,,0.063229843,0.05946657,0.064246377,0.070750543,0.076796084,0.080607914,0.089981563,0.109007042,0.099069759,0.086333911,0.085638995,0.073313704,0.058908449,0.023706295,0.050563214,0.039277218,
Peru,,,,,,,,,,,,,,,,,,,,,,,,,,,,,,,,,,,,0.014904772,-0.030442353,0.143525612,0.109321287,0.248497777,,0.137941875,,0.097804732,,,,0.061153552,0.580179574,0.313681226,0.13694485,
Philippines,,,,,,,,,,,,,,,,,,,,,,,,,,,,,,,,,,0.687902323,0.471252481,0.538317201,0.219678897,0.165160038,0.221585096,0.160250336,0.154270907,-0.18357767,0.079894139,0.361108902,0.633678627,0.183377691,0.084280659,2.367435655,0.149191371,0.213267064,0.244000876,
Poland,,,,,,,,,,,,,,,,,,,,,,,,,,0.001408356,0.029773798,0.01252399,0.031965628,0.021894764,,-0.008368183,0.014085266,0.01915623,0.026751489,0.030202407,0.033826023,0.028634363,0.18276298,0.018474182,0.009341641,-0.047263727,0.116056447,0.14068208,0.37781532,1.116111648,2.683291338,1.331698485,0.87136277,1.059569484,1.177998985,
Portugal,,,,,,,,,,,,,,,,0.042398027,0.025571376,0.012508372,0.026227847,-0.0306566,0.042156207,0.052142335,0.028199403,0.06785432,0.035661663,0.081028404,-0.000668034,-0.021429619,0.143463883,0.140981417,0.209916275,0.526323048,0.647562492,0.157147114,0.291633365,0.590518678,0.599907128,1.793572221,3.287510094,2.40597801,6.976576152,5.175933268,-0.158975711,4.060501507,3.978932655,1.174050753,3.555496978,2.358214686,1.101280117,0.327380767,-3.571658939,
Puerto Rico,,,,,,,,,,,,,,,,,,,,,,,,,,,,,,,,,,,,,,,,,,,,,,,,,,,,
Qatar,,,,,,,,,,,,,,,,,,,,,,,,,,,,,,,,,,,,,,,,,,,,,,,,,,,,
Romania,,,,,,,,,,,,,,,,,,,,,,,,,,,,,,,0.046998486,0.010399746,0.015942414,0.026554216,,0.005637446,,-0.025505947,-0.021369807,0.044953496,-0.029687496,-0.042308821,0.034915797,0.065538127,0.092728201,-0.030450882,0.344434771,0.164222535,0.138450807,-0.054620958,-0.013611868,
Russia,,,,,,,,,,,,,,,,,,,,,,,,,,,,,,,,,,,0.071123655,0.152959905,0.235371368,0.786581968,0.468624246,1.126878512,1.22320796,0.826013148,1.023628614,2.260294664,2.331918339,1.671133487,2.338649149,3.532770396,3.347302093,3.573268335,3.549259204,
Rwanda,,,,,,,,,,,,,,,,,,,,,,,,,,,,,,,,,,,,,,,,,,,,,,,-0.460914846,-0.346052525,,,,
Saint Kitts and Nevis,,,,,,,,,,,,,,,,,,,,,,,,,,,,,,,,,,,,,,,,,,0.030126216,,,,,,,,,,
Saint Lucia,,,,,,,,,,,,,,,,,,,,,,,,,,,,,,,,,,,,,,,,,,,,,,,,,,,,
Saint Martin,,,,,,,,,,,,,,,,,,,,,,,,,,,,,,,,,,,,,,,,,,,,,,,,,,,,
Saint Vincent and the Grenadines,,,,,,,,,,,,,,,,,,,,,,,,,,,,,,,,,,,,,,,,,,,,,,,,,,,,
Samoa,,,,,,,,,,,,,,,,,,,,,,,,,,,,,,,,,,,,,,,,,,,,,0.113921616,0.496115847,,,,,,
San Marino,,,,,,,,,,,,,,,,,,,,,,,,,,,,,,,,,,,,,,,,,,,,,,,,,,,,
Sao Tome and Principe,,,,,,,,,,,,,,,,,,,,,,,,,,,,,,,,,,,,,,,,,,,,,,12.78721529,4.942562935,4.353280387,0.110692054,0.158233888,0.054474233,
Saudi Arabia,,,,,,,,,,,,,,,,,,,,,,,,,,,,,,,,,,,,,,,,,,,,,,-0.110950929,-0.01083798,-0.035021688,0.734057268,0.584245625,0.89881644,
Senegal,,,,,,,,,,,,,,,0.195409371,-0.306789542,-0.016615325,0.124524392,0.018812939,0.122379487,0.044584323,0.464532559,0.577402876,-0.057702751,0.068516732,0.105198652,-0.1109581,-0.036966139,0.276129606,0.174822928,-0.167044839,-0.340770596,0.85501021,0.005596854,0.448747933,-0.068160137,0.038704369,-0.018738166,0.203745926,0.214640967,0.013830387,-0.144316784,0.637743262,0.038762213,0.162678271,-0.088882511,0.105567022,0.218241632,0.943235019,0.603977262,,
Serbia,,,,,,,,,,,,,,,,,,,,,,,,,,,,,,,,,,,,,,,,,,,,,,,,2.458464118,0.590253849,0.136612263,0.490255164,
Seychelles,,,,,,,,,,,,,,,,,4.102842796,3.509126259,3.126577395,2.461410036,2.587779443,4.696118159,3.340814339,2.211192721,2.588445688,6.253562103,2.778926431,2.162045122,1.509754623,0.29876049,0.305413816,0.302662789,0.270278094,0.211760737,2.737330331,3.338567061,2.479801616,1.756432005,0.493549496,1.442176789,1.707791108,1.372044343,1.251825975,1.15445817,1.086024578,0.842707262,0.827395411,1.748766383,1.404824749,0.677250261,0.656757787,
Sierra Leone,,,,,,,,,,,,,,,,,,,,,,,,,,,,,,,,,,,,,,,,,,,,,,-0.609115097,,,,,,
Singapore,,,,,,,,,,,,,0.745125325,0.705084775,0.57422724,0.674002454,0.71070914,1.290200979,1.512289843,1.804168641,0.822931426,-0.103828688,1.899253604,0.277931448,0.47045027,1.248230671,0.978504128,0.988635618,0.465448979,2.898613608,5.634847271,1.220982723,2.685322319,3.587437058,6.611323218,8.4012252,8.396902071,10.42795459,2.259329947,9.309183265,6.166823864,21.90350201,2.570893352,2.886411827,9.880001109,9.083131719,13.55807272,19.44256699,-0.144264965,9.796306508,9.455377177,
Slovak Republic,,,,,,,,,,,,,,,,,,,,,,,,,,,,,,,,,,0.375554635,0.070346563,0.039942971,0.174667678,0.352392078,0.494833864,-1.255826195,0.074880402,,0.009410216,0.05144212,-0.023397531,0.235891512,0.533621796,0.479519912,0.255913564,0.469572277,0.365569537,
Slovenia,,,,,,,,,,,,,,,,,,,,,,,,,,,,,,,,,-0.014374085,0.010257997,-0.089673595,-0.04775352,0.034042701,0.151320469,-0.02529042,0.213808495,0.326835533,0.647350957,0.653517017,1.632130982,1.625108061,1.760750008,2.324561241,3.80496192,2.706605392,0.496252588,-0.155946413,
Solomon Islands,,,,,,,,,,,,,,,,,,,,,,,,,,,,,,,,,,,,,,,,,0.013548912,0.18212311,0.328390234,0.008031512,0.003735468,0.38078219,1.038277915,2.078533864,0.584391016,0.496215944,0.337666536,
Somalia,,,,,,,,,,,,,,,,,,,,,,,,,,,,,,,,,,,,,,,,,,,,,,,,,,,,
South Africa,,,,,,,,,,,,,,,,,,,,,,,,,,0.070611959,0.089281617,0.107789303,0.056325131,0.130255185,0.024973878,0.171709075,1.485696402,0.223850402,0.928358909,1.65036267,0.729117008,1.561413067,1.216723235,1.189473259,0.208596872,-2.966545424,-0.362069689,0.328466249,0.595831315,0.368107114,2.271508282,1.04208041,-0.769977,0.463759167,-0.044322236,
Spain,,,,,,,,,,,,,,,,0.15249441,0.167441052,0.089806003,0.065255916,0.063747314,0.137508213,0.137717566,0.26857076,0.146497468,0.148648539,0.142535202,0.154734395,0.240829256,0.338061216,0.365872528,0.676093333,0.792665846,0.357755804,0.625316843,0.786293889,0.790582104,1.134708312,2.498445793,3.390460195,7.129642783,9.886967685,5.399583638,4.903990067,3.254463593,5.889496127,3.70935942,8.380786826,9.677557621,4.640885661,0.60015939,1.460610615,
Sri Lanka,,,,,,,,,,,,,,,,,,,,,,,,,,0.022803641,0.008356431,0.019998487,0.030076922,0.029194528,0.010238698,0.050259402,0.016751547,0.066718061,0.070449626,,,,,,,,0.066948792,0.144636899,0.028021743,0.157339707,0.103652933,0.170009232,0.151540272,0.047542113,0.086172535,
Sudan,,,,,,,,,,,,,,,,,,,,,,,,,,,,,,,,,,,,,,,,,,,,,,,,,0.153725379,,,
Suriname,,,,,,,,,,,,,,,,,,,,,,,,,,,,,,,,,,,,,,,,,,,,,,,,,,,,
Swaziland,,,,,,,,,,,,,,,,,,,,,1.656584947,0.931676552,-0.529064881,-0.016135696,0.975414361,0.746940508,0.503031528,1.14295059,1.763546728,2.237791415,0.682885803,2.160578439,2.57977864,2.044420567,4.555214258,1.212160827,-0.399475697,-0.697651968,1.516750024,0.855200417,1.120021665,-1.311629936,-0.046381365,0.882412404,-0.059770791,-0.852504108,-0.020848111,0.758548568,-0.262964926,0.237868826,0.105648111,
Sweden,,,,,,,,,,,0.601989784,0.454478424,0.58148454,0.530840068,0.701227428,0.563932867,0.717882739,0.839728626,0.428010748,0.538554571,0.472913585,0.684763068,1.140267809,1.492489609,1.474372705,1.697898773,2.816102121,2.787126442,3.855641819,5.038553802,5.985316927,2.81744681,0.156826347,0.727882505,3.073125915,4.493395426,1.849080337,4.786560948,9.565537599,8.535129857,16.70155603,3.436255766,4.253094781,6.76192535,6.198829316,7.593797106,6.563562474,8.16177416,6.584737402,6.582878918,7.007843483,
Switzerland,,,,,,,,,,,,,,,,,,,,,,,,0.478932548,1.16126885,4.596942968,1.024087221,0.713104967,4.500467211,4.929992273,2.32144118,2.263635063,2.292768569,3.33822067,3.977765454,3.573176396,5.300045898,6.701794681,6.883767094,12.39894173,17.60151075,7.206525403,3.081119698,4.822192195,7.181365922,13.65024505,19.56770404,11.97854627,8.661777614,5.730914735,12.41388905,
Syria,,,,,,,,,,,,,,,,,,,,,,,,,,,,,,,,,,,,,,,,,,,,,,,,,,,,
Tajikistan,,,,,,,,,,,,,,,,,,,,,,,,,,,,,,,,,,,,,,,,,,,,,,,,,,,,
Tanzania,,,,,,,,,,,,,,,,,,,,,,,,,,,,,,,,,,,,,,,,,,,,,,,,,,,,
Thailand,,,,,,,,,,,,,,,,,,,0.025319741,0.014315997,0.009370702,0.006696639,0.005822458,0.003583105,0.00139384,0.002210754,0.002467795,0.336282295,0.039141203,0.06874044,0.164251098,0.170101407,0.131494482,0.186451345,0.341651189,0.527061732,0.511797513,0.384239492,0.116318237,0.281944398,-0.018722104,0.370189128,0.134567662,0.436688796,0.047515468,0.284216134,0.470614089,1.220531444,1.501694611,1.582829429,1.733819116,
Timor-Leste,,,,,,,,,,,,,,,,,,,,,,,,,,,,,,,,,,,,,,,,,,,,,,,,,,,,
Togo,,,,,,,,,,,,,,,,,,,,,,,,,,,,,,,,,,,,-0.442795856,0.189972069,0.163448959,0.66740676,0.183120623,0.033816091,-0.54607198,0.183896426,-0.360168062,-0.570811866,-0.703133824,-0.653830623,-0.027864797,-0.416849163,1.185379634,,
Tonga,,,,,,,,,,,,,,,,,,,,,,,,,,,,,,,0.000688648,0.018082497,0.001641681,0.000526592,,,,,,,,,,,,,,,,,,
Trinidad and Tobago,,,,,,,,,,,,,,,,,,,,,,,,0.046475851,0.044588178,0.11067334,0.152378077,-0.03879133,,,,,,,,,,,,3.87870359,0.309038823,1.699741236,1.181136428,2.004279025,0.197132846,2.133612364,2.014129289,,2.579890311,,,
Tunisia,,,,,,,,,,,,,,,,,,,-0.040259189,,,0.024026707,0.020814342,-0.017642683,-0.015594718,-0.071242679,0.013965715,0.012445049,0.011546488,0.041710513,-0.009263363,0.024815504,0.029183625,,0.037943264,-0.029320867,0.005244811,0.030509634,-0.004027703,0.011022776,0.006795084,0.001574968,0.002127581,0.005088748,0.004892184,0.031992368,0.08829258,0.042494975,0.084270267,0.161315814,0.149847196,
Turkey,,,,,,,,,,,,,,,,,,,,,,,,,,,,0.010324323,,,-0.010618791,0.017875912,0.040856091,0.007759573,0.037493255,0.066672197,0.060614224,0.13222033,0.136285771,0.258256737,0.32637133,0.254074777,0.061496235,0.158413069,0.198895226,0.220299051,0.174044045,0.325424291,0.349016724,0.252703619,0.19935605,
Turkmenistan,,,,,,,,,,,,,,,,,,,,,,,,,,,,,,,,,,,,,,,,,,,,,,,,,,,,
Turks and Caicos Islands,,,,,,,,,,,,,,,,,,,,,,,,,,,,,,,,,,,,,,,,,,,,,,,,,,,,
Tuvalu,,,,,,,,,,,,,,,,,,,,,,,,,,,,,,,,,,,,,,,,,,,,,,,,,,,,
Uganda,,,,,,,,,,,,,,,,,,,,,,,,,,,,,,,,,,,,,,,,,,,,,,,,,,,,
Ukraine,,,,,,,,,,,,,,,,,,,,,,,,,,,,,,,,,,,0.015223725,0.02074092,-0.01122131,0.083748086,-0.009550359,0.022165479,0.00319882,0.060511435,-0.011794429,0.025931048,0.006164937,0.319240257,-0.123430359,0.471555962,0.561134785,0.138192512,0.533606673,
United Arab Emirates,,,,,,,,,,,,,,,,,,,,,,,,,,,,,,,,,,,,,,,,,,,,,,,,,,,,
United Kingdom,,,,,,,,,,,1.344279091,1.408303256,1.243808464,2.72142394,2.213133508,1.269200005,1.909646232,1.626642434,2.096152451,2.967988624,2.072108237,2.359753261,1.458975596,1.757456559,1.817859446,2.284559655,2.98341064,4.535258016,4.437898393,4.179603423,1.987381706,1.586775533,1.804306721,2.777881748,3.290303993,4.24425728,3.008670881,4.480995184,8.434482202,13.47515383,16.67103917,4.203460026,3.122610085,3.528270121,4.267529836,3.542582246,3.502576246,11.66382058,6.189236597,1.974024205,1.314164979,
United States,,,,,,,,,,,0.637197502,0.513880155,0.604897959,0.695976046,0.333131435,0.861155599,0.644519374,0.559197457,0.646748682,0.997444466,0.694850949,0.309942651,-0.030424141,0.220707748,0.316634191,0.335977825,0.542305085,0.745557471,0.445030522,0.798757284,0.646866523,0.639047667,0.770864608,1.275273815,1.146525961,1.346069988,1.18538014,1.269545207,1.631849903,2.41838512,1.608396977,1.390965321,1.458489925,1.348735707,2.677056966,0.288051384,1.836527647,2.958499464,2.301778707,2.161188605,2.408701936,
Uruguay,,,,,,,,,,,,,,,,,,,,,,,0.149256944,-0.109754823,-0.070099603,0.166947806,0.076529142,-0.066508366,0.028002626,,,,,,,,,0.055069418,0.036634469,,0.003419319,0.029492685,0.100985751,0.125161838,0.129451453,0.208834446,-0.005263122,0.381830425,-0.035936539,0.004861924,-0.015754447,
Uzbekistan,,,,,,,,,,,,,,,,,,,,,,,,,,,,,,,,,,,,,,,,,,,,,,,,,,,,
Vanuatu,,,,,,,,,,,,,,,,,,,,,,,,,,,,,,,,,,,,,,,,,,,0.217114107,0.214811305,0.209167768,0.195539737,0.168051048,0.120103709,,,,
Venezuela,,,,,,,,,,,,,,,,,,,,,,,0.005215556,,0.037531943,0.018986552,0.780784445,0.081598819,0.116381751,0.42475134,0.797405631,0.363394829,0.266801853,1.524758692,0.63329313,0.121513591,0.74276367,0.648901402,1.141905674,0.89003081,0.444738036,0.165975462,1.104537154,1.576136642,0.550460019,0.549089986,0.830619458,0.014567124,0.369619685,0.563573783,0.681642745,
Vietnam,,,,,,,,,,,,,,,,,,,,,,,,,,,,,,,,,,,,,,,,,,,,,,0.122833183,0.139542101,0.259098027,0.329329957,0.720310562,0.8456513,
Virgin Islands (U.S.),,,,,,,,,,,,,,,,,,,,,,,,,,,,,,,,,,,,,,,,,,,,,,,,,,,,
West Bank and Gaza,,,,,,,,,,,,,,,,,,,,,,,,,,,,,,,,,,,,4.006086894,4.221470745,4.217462232,4.059279419,4.063620414,5.182916806,11.32347479,12.69844572,1.542426814,-1.273038854,0.322855564,,,,,,
"Yemen, Rep.",,,,,,,,,,,,,,,,,,,,,,,,,,,,,,,,,,,,,,,,,,,,,,,,,,,,
Zambia,,,,,,,,,,,,,,,,,,,,,,,,,,,,,,,,,,,,,,,,,,,,,,,,,,2.105110651,1.782884863,
Zimbabwe,,,,,,,,,,,,,,,,,,,,,,,,,,,,,-0.283144656,,,,,,0.06859231,,,,,,,,,,,,,,,,,