"Foreign direct investment, net inflows (% of GDP)",1970,1971,1972,1973,1974,1975,1976,1977,1978,1979,1980,1981,1982,1983,1984,1985,1986,1987,1988,1989,1990,1991,1992,1993,1994,1995,1996,1997,1998,1999,2000,2001,2002,2003,2004,2005,2006,2007,2008,2009,2010,2011
Afghanistan,0.013151224,0.024575271,0.009401115,0.015576924,,,0.001565217,-0.008126411,,0.032450496,0.247135735,0.005174216,,,,,,,,,,,,,,,,,,,,0.027623565,1.152363794,1.212724644,3.276531558,3.976666167,3.082130355,2.503251724,2.5125005,1.301563873,0.438725894,
Albania,,,,,,,,,,,,,,,,,,,,,,,2.819074984,4.722853828,2.669120208,2.887194483,2.99015884,2.162803347,1.650080654,1.199626443,3.878860857,5.067195647,3.034135061,3.149790539,4.572141979,3.133522618,3.561523097,6.18683777,7.390890059,8.008637632,9.414123387,
Algeria,1.647377505,0.011817485,0.61359524,0.585190808,2.710126852,0.764883026,1.054807791,0.850913068,0.51262954,0.077285926,0.823395355,0.029780508,-0.118497324,0.000855798,0.001494776,0.000686577,0.008346683,0.005561,0.022031597,0.021735257,0.000539792,0.025459024,0.062495707,,,,0.575184051,0.539666954,1.258825367,0.599499017,0.511224126,2.007756642,1.86668409,0.931656846,1.037359227,1.056292266,1.532824456,1.223826566,1.517639093,1.998263105,1.414500815,
American Samoa,,,,,,,,,,,,,,,,,,,,,,,,,,,,,,,,,,,,,,,,,,
Andorra,,,,,,,,,,,,,,,,,,,,,,,,,,,,,,,,,,,,,,,,,,
Angola,,,,,,,,,,,,,,,,4.085664893,3.681648091,1.611784359,1.642585019,2.154463257,-3.263096398,5.449514579,4.982459847,5.71552893,4.195018198,9.374416905,2.398993967,5.363359887,17.28373592,40.15708695,9.624303227,24.00922591,14.62676047,25.1120264,7.328524772,-4.256403095,-0.083507871,-1.47778096,1.994536325,2.921207192,-3.799534626,
Antigua and Barbuda,,,,,,,,3.326054149,-9.217752872,9.215017228,17.80738978,17.997323,16.67248327,3.262209051,2.535860701,7.728014881,9.190866532,13.47287607,9.729026504,11.54445097,15.47803743,13.35138272,4.63658937,3.338336207,4.956896639,6.37113089,3.576562339,3.956949563,3.673018473,7.945445595,5.372522296,12.3998815,8.001069008,19.1920715,8.699670827,21.59497791,30.86414942,25.66261899,12.64012951,6.435272719,7.981279809,
Argentina,0.284224297,0.377464477,0.206489502,0.190792478,0.024738815,0.106009598,0.478175477,0.253605959,0.430419501,0.29746292,0.88095511,1.06384544,0.269252481,0.177920359,0.338845892,1.039396769,0.51742271,-0.017100757,0.908825708,1.341390409,1.298881665,1.285578818,1.936790575,1.179743768,1.411953265,2.17392651,2.553203331,3.127879133,2.438768046,8.46058149,3.665790656,0.806164239,2.105941749,1.274727568,2.693609323,2.874148164,2.586741481,2.48233393,2.977121049,1.308169461,1.913311415,
Armenia,,,,,,,,,,,,,,,,,,,,,,,0.188593619,0.066593791,0.608291621,1.724422857,1.100209269,3.168053675,11.66113519,6.612905897,5.450511635,3.298067417,4.660062565,4.306005449,6.929888594,4.884966889,7.098054941,7.590690174,8.021205012,8.990485453,6.08311401,
Aruba,,,,,,,,,,,,,,,,,,,,,,21.18513815,-3.857808776,-1.655492432,-5.874439,-0.418781717,6.121457042,12.78993349,5.018450185,26.87418879,-6.88608328,-14.1100318,13.67144106,,,,,,,,,
Australia,2.154106906,2.518025061,2.006158589,0.228644561,1.48425773,0.463746096,0.983635692,1.024211776,1.404544457,1.094529887,1.236458664,1.314511988,1.20741373,1.670174485,0.192015778,1.132520476,2.908765805,2.764161721,3.093317456,2.400905704,2.582466475,1.309372534,1.734524753,1.370707946,1.534618017,3.242648332,1.531488728,1.743765402,1.484727203,0.848297286,3.266590565,2.171380832,4.278456651,1.712984884,5.983225722,-5.111614581,3.522892402,4.792704034,4.453781979,2.948023571,2.70198663,
Austria,0.738168719,0.805082506,0.663963146,0.548644099,0.506805129,0.198939775,0.21392119,0.189293819,0.231322055,0.25532727,0.293741672,0.464566081,0.294157375,0.302281441,0.170965792,0.251676557,0.189953223,0.332722278,0.329689734,0.445251266,0.396258983,0.209141663,0.747003482,0.599651815,1.052018326,0.796647568,1.881169816,1.262487696,2.176569544,1.417001628,4.438680216,3.081135939,0.153289234,2.795184148,1.335500641,26.77132198,1.234981199,17.05728413,1.594065538,3.018148164,-6.762872176,
Azerbaijan,,,,,,,,,,,,,,,,,,,,,,,,,,10.81256385,19.74587488,28.1332208,23.00665415,11.13931939,2.464373862,3.968608099,22.32888757,45.14985707,40.96646642,12.68302373,-2.783230697,-14.36904677,0.030244113,1.068613848,1.087668693,
Bahamas,,,,,,,2.273789245,4.403927073,-0.132148006,0.84225298,0.307047113,2.411496727,0.177406066,-0.346260388,-0.240066627,-1.301331549,-0.533872605,0.397936644,1.302388289,0.829523187,-0.546430828,-0.041785058,0.009649405,0.876455369,0.71801166,3.114610674,2.432806872,4.232916001,2.743986951,2.48007798,3.954926012,1.570898917,2.195890886,2.736959618,3.856555856,7.311166224,8.867895251,8.574953035,10.43860511,8.504951999,11.18578574,
Bahrain,,,,,,,,,,,-13.60487845,0.119671747,0.780566068,1.716035263,3.602315247,2.774743122,-1.045569393,-1.058491471,5.998132251,4.680938678,-4.31966786,13.41821722,18.28257886,-5.288191128,3.740326847,7.361126435,33.56601633,5.186228649,2.901942476,6.852817746,4.561239756,1.013488777,2.555437523,5.300795052,7.701436914,7.790385279,18.38328827,9.507406632,8.19069147,1.248607967,,
Bangladesh,,,0.001431242,0.029006968,0.017657518,0.007957006,0.053752971,0.072463244,0.057897529,-0.051392402,0.046978563,0.027121463,0.038480677,0.002354764,-0.002812734,-0.030814458,0.01151452,0.013477281,0.007169782,0.00092416,0.010749793,0.00449147,0.01173758,0.042361641,0.03301223,0.004998378,0.03327061,0.329348086,0.431054234,0.393186602,0.594981588,0.167122037,0.110023607,0.516791196,0.793669547,1.34929476,1.126322627,0.9541982,1.269098617,0.798326946,0.913645268,
Barbados,4.765840218,7.892872704,7.404178023,1.971658756,0.700890577,5.702645139,1.583034053,0.98966583,1.62785079,0.798134993,0.325415489,0.887058709,0.469977156,0.347465227,0.004367075,0.404780501,0.589099581,0.490106399,0.74956492,0.4900457,0.654803831,0.43860495,0.909663223,0.572742235,0.749880107,0.632010682,0.670735961,0.675070648,0.666091424,0.702883465,0.758153062,0.726258454,0.702716331,2.16150649,-0.428470255,7.928831809,10.72563782,13.24957694,12.58884955,11.55777317,16.27515818,
Belarus,,,,,,,,,,,,,,,,,,,,,,,0.041122817,0.108105634,0.070320665,0.10520562,0.708145155,2.488602326,1.334908698,3.657787508,0.93272622,0.775405865,1.693054218,0.963791291,0.707816603,1.009596401,0.957742485,3.987347565,3.588668534,3.824541371,2.563918463,
Belgium,,,,,,,,,,,,,,,,,,,,,,,,,,,,,,,,,7.15227813,11.08282034,12.27991969,8.928703136,14.71427992,21.02759793,36.45644027,12.88549003,15.53436004,
Belize,13.31867232,5.641194595,,,,,,,1.467351431,-0.032938076,,-1.036806636,,,-1.754385965,1.769065264,2.018872065,2.476947967,4.445855827,5.135618664,4.164144938,3.05809898,3.010747916,1.643562544,2.646445074,3.394987314,2.585489034,1.827428055,2.56215783,7.313461013,2.805135781,7.015383542,2.721921513,-1.10552174,10.55531337,11.38320534,8.971077994,10.99459998,12.48755792,8.068205072,6.884359535,
Benin,2.017721498,0.841021011,1.170631389,0.693337653,-0.42208735,0.27920022,0.351183361,0.416758778,0.081101567,0.300785893,0.307202842,0.161897241,-0.000960194,0.000958323,0.001088621,-0.008606513,0.082327636,0.006400433,0,4.133445642,3.380779096,6.432002306,4.775712916,0.066647951,0.91184018,0.66341469,1.608527935,1.252591009,1.625667577,1.64467206,2.64926008,1.849177878,0.481168512,1.257216788,1.577401525,1.237187372,1.123596178,4.602161525,2.541395635,2.022969658,1.672381517,
Bermuda,,,,,,,,,,,,,,,,,,,,,,,,,,,,1.183158775,3.280366226,1.819859206,1.922292821,1.135720502,0.137152332,0.308131446,18.54303395,0.897674182,4.820630971,9.787876197,-2.389553527,-1.51557477,3.642934165,
Bhutan,,,,,,,,,,,,,,,,,,,,,,,,,,,,,,,,,,0.414256845,0.501842445,1.111741842,0.682063142,6.171105517,0.246294204,0.517481127,1.252591032,
Bolivia,1.943034757,0.173443983,1.288549492,0.364206861,2.106082734,2.561527848,-0.29647698,-0.037181214,0.305995851,1.515376455,2.005515015,2.527324177,1.094006162,0.239734908,0.210714626,0.353338661,0.505262464,1.568129106,-0.219679087,-0.517389953,0.558798922,0.973188746,1.649578933,2.158786407,2.176813803,5.84795805,6.40939672,9.218073916,11.17152199,12.19665043,8.768307132,8.668609634,8.557893503,2.442344924,0.745772609,-2.498849039,2.451804766,2.791766736,3.072474487,2.439678146,3.165428526,
Bosnia and Herzegovina,,,,,,,,,,,,,,,,,,,,,,,,,,,,,1.621115827,3.77274415,2.653033477,2.061148278,4.025867739,4.561334721,7.082319753,5.646925025,6.269383217,13.58759351,5.303432021,1.408303764,1.396675034,
Botswana,,,,,,-10.78196841,3.030881767,2.708874035,6.911461844,15.59400591,10.51178247,8.2385245,2.077139593,2.029922992,5.007715108,4.810261045,5.055212137,5.779867332,1.509914957,1.368055631,2.529019868,-0.208307136,-0.037728255,-6.89733053,-0.32617851,1.475014642,1.482925775,1.932739834,1.836380527,0.625111433,1.015130376,-1.156142956,12.01394385,9.528431458,7.444739052,4.801162139,6.670529057,5.229769321,6.697768576,7.18236157,1.783163371,
Brazil,,,,,,1.052466706,1.018483208,1.040464686,0.998999547,1.075256921,0.813106376,0.956135069,1.03307874,0.791423642,0.762592174,0.64635416,0.128665462,0.397505323,0.848675006,0.26574541,0.214091608,0.270782606,0.527694958,0.294775601,0.562396974,0.631899674,1.333836306,2.255509674,3.781938579,4.869277954,5.084403071,4.056733444,3.290262932,1.836034126,2.736786467,1.707837557,1.724852363,2.531869712,2.726447876,1.627390895,2.32323061,
Brunei,,,,,,,,,,,,,,,,,,,,,,,,,,,,,,,,1.08362189,3.93049838,1.88828156,1.438021793,1.836754984,0.765769354,2.103556049,1.543688044,3.033671546,,
Bulgaria,,,,,,,,,,,,,,,,,,,,,0.019299151,0.510803227,0.400119535,0.369276235,1.086051814,0.691708574,1.22605339,5.021152458,4.113973274,6.189635353,7.761461828,5.861746435,5.661485604,10.14501053,10.52954424,14.92434563,23.35982037,31.37826758,19.25979339,7.051888654,4.936495637,
Burkina Faso,0.08767179,0.208627196,-0.121070165,0.65151712,0.354783973,0.031770995,0.210014137,0.439319357,0.078378966,0.085497076,0.001227115,0.136979268,0.111014905,0.123809975,0.114594854,-0.091901977,0.154141561,0.056161969,0.141814622,0.216922957,0.014832443,0.018181494,0.138959123,0.136293174,0.969320332,0.412552401,0.627285395,0.398984457,0.157122226,0.26291348,0.889328193,0.32581285,0.488301817,0.721972792,0.074953727,0.589003633,1.286111706,5.469550154,1.894968731,1.292298892,0.420932027,
Burundi,,,,,,,,,,,,,,,,0.046832717,0.12682003,0.120879772,0.110552499,0.050921501,0.11089421,0.076452053,0.055407891,0.050464886,0.000427861,0.198107378,1.1507E-05,1.02786E-05,0.223771014,0.029534344,1.647741889,0.00145454,1.71057E-06,0.000776202,0.006698186,0.073419328,0.003491404,0.051037751,0.32793291,0.026204709,0.048482085,
Cambodia,,,,,,,,,,,,,,,,,,,,,,,,2.13614124,2.468264337,4.382185096,8.3725542,5.915641847,7.781726634,6.602863776,4.064101226,3.753881462,3.387147777,1.802838111,2.461977042,6.057165016,6.642578825,10.03903209,7.874745736,5.182818505,6.961200809,
Cameroon,,,,,,,,0.258751473,0.919483013,1.068580154,1.926014845,1.772981796,1.521803599,2.896578712,0.226454454,3.880956974,-0.853957338,0.942298283,0.739296878,-0.769605094,-1.011796983,-0.116596592,0.256256385,0.037841232,-0.09767062,0.083502009,1.041023329,0.796049138,2.233781858,-0.147759577,1.576187234,0.76352769,5.530866976,2.468599232,0.54592808,1.410709378,0.091239922,0.923486762,-0.101947502,3.012946343,-0.002451949,
Canada,2.115844151,2.332279516,1.902375401,2.469764633,2.364065718,1.983877393,1.208248538,1.622782205,1.742258258,2.223888868,2.161940976,0.220747743,0.029245363,0.598994326,1.36939677,0.381398699,0.77222977,1.92504974,1.218696441,1.084895383,1.300893242,0.480499567,0.824250763,0.842496958,1.456837457,1.578131999,1.569845431,1.80740125,3.687375519,3.74868867,9.124364028,3.873366666,3.001791766,0.832224563,-0.074709478,2.284502889,4.715570431,8.261843382,3.85161689,1.679526814,1.495645808,
Cape Verde,,,,,,,,,,,,,,,,,-0.004090187,1.072555617,0.204841855,0.05895093,0.074581618,0.496517737,0.114378053,1.003191752,0.518115747,5.336353125,5.680874064,2.285907812,1.67553587,9.138609061,6.198647082,1.618545229,2.38441943,4.822725503,7.312583919,8.275982592,11.89787621,14.41308442,13.62853053,7.548182862,6.777745704,
Cayman Islands,,,,,,,,,,,,,,,,,,,,,,,,,,,121.6570941,,,,,,,,,,,,,,,
Central African Rep.,,,,,,,,-0.560845755,0.996507707,3.247504982,0.670425858,0.832093052,1.223256216,0.678483344,0.807316615,0.345904358,0.728500684,0.981931503,-0.298345218,0.101305691,0.046913944,-0.347073845,-0.744451907,-0.768383624,0.42230711,0.552680779,1.021008773,0.149255095,0.725962603,0.359339376,0.087837562,0.535788863,0.537462844,1.948317337,2.251304924,2.401325392,2.343829127,3.344705277,5.906207363,2.133701511,3.578500647,
Chad,,,,,,,,2.261534636,3.064485539,-0.128445176,-0.041626125,-0.012543585,-0.014382056,-0.010811875,0.999477018,5.193246757,2.640914169,0.701550427,0.086958339,1.307067516,0.54066161,0.225849878,0.104193611,1.036064653,2.294761722,2.255427363,2.455351982,2.867500946,1.243610843,1.595724132,8.315392324,26.90308752,46.48782003,26.04128354,10.57297247,-1.873701941,-4.578078589,-0.990281599,2.795020001,6.752585138,10.2978459,
Channel Islands,,,,,,,,,,,,,,,,,,,,,,,,,,,,,,,,,,,,,,,,,,
Chile,,,,,,0.691900091,-0.010144511,0.157195683,1.175368079,1.177051043,0.772514231,1.173231705,1.647532988,0.68283892,0.4055585,0.875287473,1.780219197,4.260338185,3.928020098,4.521748331,2.095128232,2.258665172,2.10511183,2.168616933,4.681599492,4.144405129,6.354334201,6.365734255,5.830424912,12.002167,6.461883522,6.124934516,3.790838997,5.821653463,7.49870817,5.905981571,4.972578151,7.627801751,8.872996387,8.00321719,7.095411622,
China,,,,,,,,,,,,,0.211631655,0.278390651,0.488672457,0.540978271,0.629549798,0.855857238,1.031911641,0.986412681,0.976923369,1.15055616,2.639468075,6.246298263,6.041757376,4.924291958,4.693460662,4.643560064,4.291591697,3.577382952,3.20401361,3.339430035,3.391597337,2.868854517,2.844026841,5.193324989,4.57369268,4.580688968,3.873382134,2.288292127,3.122876006,
Colombia,0.597357169,0.551484797,0.212850632,0.231127578,0.330554648,0.282997832,0.162957709,0.333830171,0.459947751,0.45453912,0.470462125,0.728254277,0.939231722,1.595669579,1.526672828,2.931700868,1.928884066,0.877016641,0.517691459,1.456749574,1.241489447,1.107916999,1.478705624,1.718738965,1.770422713,1.046802259,3.202627642,5.214927828,2.873546017,1.749593195,2.427628409,2.574237888,2.172164947,1.812637236,2.573327196,6.994572545,4.088248395,4.362720113,4.331308508,3.02630418,2.393319454,
Comoros,,,,,,,,,,,,,0.140070326,,,,,3.841801298,1.815659462,1.643618151,0.157180458,1.015372273,-0.543589212,0.072355998,0.09566876,0.383591526,0.22126452,0.009429593,0.178378838,0.12175357,0.046377283,0.520597567,0.171372099,0.244631886,0.185241835,0.144338785,0.142935573,1.617940955,1.418709619,1.697928095,1.735688252,
"Congo, Dem. Rep.",0.131824833,0.102595811,0.169590007,0.22515198,0.54162984,0.089085614,2.471140006,0.14735397,0.63541593,0.954645401,0.76151825,0.555359658,-0.017360517,-1.751567486,-0.412969182,0.961634332,0.06855773,-0.718907498,-0.044463002,-0.067724373,-0.1546563,0.136334148,-0.008895684,0.064158883,-0.025771499,-0.396035094,0.429527745,-0.728142525,0.98636074,0.236878667,1.672164226,1.711490559,2.544879216,6.901077256,6.2810251,,2.997662062,18.14787132,14.79903635,5.924565592,22.3610298,
"Congo, Rep.",,,,,,,,,0.460916044,1.374897797,2.346830679,1.547158058,1.636050101,2.673916654,1.593212497,0.587245065,1.213433486,1.890922055,0.411075708,-0.298175634,0.805771319,1.202025139,0.093379348,14.90665803,0.168985708,5.908274644,2.856656826,3.408574883,1.681331561,22.86465654,5.152480615,2.763028622,10.96529977,9.243035732,-0.183239677,8.437412402,19.24256667,31.42945961,20.93954419,21.71770668,23.45091576,
Costa Rica,,,,,,,,2.034222374,1.379424295,1.077928141,1.088700717,2.652634046,1.108714972,1.526485675,1.216828694,1.457273595,1.113566337,1.374733301,2.015251472,1.475299576,2.194920467,2.490734277,2.635995566,2.559582233,2.81884101,2.873995397,3.605013661,3.181625698,4.349343238,3.921543248,2.562103914,2.806566446,3.9143952,3.282795515,4.268761708,4.312780398,6.521614808,7.203462209,6.966669719,4.602522059,4.090344885,
Cote d'Ivoire,,,,,,1.773575894,0.960621241,0.233878513,1.054446828,0.817516456,0.930365863,0.388406771,0.627388924,0.548781524,0.317781331,0.417886742,0.772473909,0.867507432,0.504174737,0.189545587,0.445671965,0.155402646,-2.069706787,0.795829697,0.93808931,1.922545821,2.217432629,3.54288088,2.972907582,2.577768477,2.253062338,2.585806226,1.851095589,1.203622134,1.827906696,1.906207667,1.836005795,2.155908055,1.905473992,1.652964756,1.834626222,
Croatia,,,,,,,,,,,,,,,,,,,,,,,0.126465545,1.322748594,0.785003682,0.490134555,2.110105047,2.302541311,3.747373335,6.293472547,5.158228485,6.86451913,4.146915669,6.000589998,2.630417824,3.989374629,6.943468144,8.420058842,8.621781256,5.174460976,0.66975174,
Cuba,-0.001756542,0.001446203,0.000245847,-0.002503076,,,-0.000290074,,,,5.02187E-05,,4.77247E-05,0.000450334,0.00079037,0.000698035,0.000701717,0.000515594,0.000400597,0.000851058,0.00408442,0.039353754,0.032690602,0.012026509,0.045521131,0.01774644,0.077026698,0.004021099,0.05898215,0.031552636,-0.03353487,0.01372963,0.007889159,-0.020221996,0.009187808,0.036581763,0.04910688,0.108714457,0.039829041,,,
Cyprus,,,,,,3.69453722,5.624095312,5.634857963,5.915428198,5.473196591,3.94434141,3.751128922,3.312311945,3.164179218,2.312588126,2.38454372,1.498648706,1.402624252,1.452463392,1.528434072,2.26457722,1.417992943,1.554380408,1.265998545,1.012349395,2.628465584,2.500878688,6.136835589,3.615417511,8.316650295,9.177455893,9.760441239,10.45194141,6.818157335,7.073678862,6.836022402,10.14831492,10.50945111,3.764875472,14.88829339,8.152507976,
Czech Rep.,,,,,,,,,,,,,,,,,,,,,,,,1.903040889,2.137321818,4.646583249,2.314570718,2.251677801,5.982810006,10.48741096,8.792323139,9.121111437,11.28726388,2.212484819,4.544899063,9.315224526,3.87191634,6.087918111,3.041642153,1.508288153,3.499453576,
Denmark,0.626863513,0.675108362,0.725951131,0.707567281,0.719714235,0.67421013,-0.435697511,0.155153155,0.150877843,0.323728508,0.149362577,0.164730323,0.227106456,0.101564043,-0.026608246,0.181530245,0.189041228,0.078852287,0.444524104,0.989988175,0.833452396,1.135759912,0.677374098,1.217952951,3.259374693,2.274613206,0.419356776,1.637963924,3.843674374,9.685790628,22.49670882,5.786781474,2.54812629,0.557245235,-3.597531252,4.98078381,0.881969222,3.792158325,0.637198642,1.259415855,-2.467086039,
Djibouti,,,,,,,,,,,,,,,,,,,,,,0.495241645,0.479043307,0.305457414,0.289528332,0.646649156,0.660629851,0.61677261,0.617093466,0.599332209,0.596129446,0.592742007,0.580649337,2.286739804,5.786694826,3.132332723,14.08394014,23.03889364,23.17013807,9.233046734,,
Dominica,,,,,,,,0.219959271,,,,7.248727685,0.277577881,0.2502317,2.559874731,3.043053627,4.626569811,10.69941978,8.295335007,11.21199658,7.749348515,8.436307058,10.64413313,6.586218041,10.4892216,24.1444884,7.528195622,8.590889379,2.519382725,6.706321878,5.352715309,5.084515842,6.043051322,9.081655922,7.020697182,5.225082167,6.570236136,9.545710016,12.18715181,8.864766246,5.219177522,
Dominican Rep.,4.82025023,3.9006241,2.188899547,1.471403651,1.832102817,1.775345159,1.518449182,1.558718962,1.332104558,0.310976933,1.397979175,1.096738711,-0.017579105,0.559035018,0.663091475,0.717601868,0.816709449,1.527359246,1.974210504,1.645082997,1.877383471,1.491097783,1.593410776,1.458801234,1.425112516,2.532628897,0.532213739,2.146635749,3.305428177,6.162409423,3.970969843,4.334621459,3.450455794,2.882215688,4.12464452,3.301667109,3.016729225,4.035854882,6.265640834,4.628084519,3.140648596,
Ecuador,,,,,,,-0.349937749,0.498171955,0.624780742,0.661202093,0.588200458,0.429347354,0.303160649,0.446892909,0.439118102,0.523618764,0.785649377,1.351743132,1.703603538,1.679337362,1.216690234,1.409885469,1.483735076,3.144878571,3.101565222,2.239369702,2.348318861,3.061444169,3.739251784,3.88688487,-0.147032332,2.534440247,3.168806171,3.06768747,2.563711587,1.335630737,0.650830342,0.426688624,1.855241475,0.61300554,0.288550805,
Egypt,,,,,,,,0.715888215,2.142546028,6.70129836,2.392954597,3.215374605,1.147105459,1.741456381,2.379485896,3.394598869,3.3930314,2.339576941,3.395669718,3.153167541,1.701815291,0.684328377,1.096630505,1.058425263,2.420132556,0.994028441,0.940414985,1.135375928,1.268437026,1.174392827,1.236997243,0.522267246,0.736363106,0.286287341,1.589570738,5.993818979,9.343527188,8.873615645,5.831412619,3.551410104,2.917207326,
El Salvador,,,,,,,0.556634067,0.633660116,0.746812628,-0.287558765,0.164523391,-0.166414515,-0.029418781,0.800833284,0.337549664,0.326284141,0.639867088,0.462854673,0.404784863,0.32843762,0.039539856,0.474120032,0.25710031,0.236841615,0.026961664,0.400371064,-0.04650515,0.530265325,9.191153645,1.731295396,1.320222698,2.019149841,3.285174079,0.938411745,2.299424622,0.322456095,0.094497782,0.522807873,1.731837058,1.118048497,-0.026208242,
Equatorial Guinea,,,,,,,,,,,,,,,,3.06566046,5.695556362,1.403329954,0.393075191,0.794826537,8.380559029,31.64334634,3.903332708,14.65958155,13.5158542,77.40219945,145.2018887,10.73880245,60.28259208,17.69419897,12.31835051,54.18664714,15.06416453,23.36366638,6.504955721,9.360088385,4.889066466,9.882599514,-4.308998075,13.38728072,4.962238286,
Eritrea,,,,,,,,,,,,,,,,,,,,,,,,,,,5.291989368,5.986634803,19.92126707,12.08005545,4.399548128,1.759756345,2.960857215,2.528059949,-0.709617586,-0.094683744,0.037153635,-0.008346082,-0.016906221,0.001914971,2.626347968,
Estonia,,,,,,,,,,,,,,,,,,,,,,,2.06370529,4.203094044,5.408080914,4.62869103,3.176832151,5.2699841,10.3698937,5.348959063,6.823910222,8.693707856,3.884547115,9.334259944,8.027531325,21.15528699,10.6348864,12.55838043,7.419681685,9.904642212,8.009287411,
Ethiopia,,,,,,,,,,,,,,,,,,,,,,,0.001205844,0.039938121,0.250321078,0.185913829,0.258520591,3.244805123,3.230336883,0.894076795,1.646059588,4.277359762,3.273617146,5.434665692,5.421738939,2.154222593,3.595618757,1.135394786,0.407385571,0.69287857,0.97005579,
Faeroe Islands,,,,,,,,,,,,,,,,,,,,,,,,,,,,,,,,,,,,,,,,,,
Fiji,,,,,,,,,,0.997366831,3.021376531,2.933065366,3.084362592,2.844453567,1.979148258,1.899050005,0.622581546,1.371872325,2.847147693,0.741028529,6.873698694,0.372194853,6.762843661,5.57613642,3.700730103,3.529455481,0.113788487,0.744282016,6.458614594,-1.709648129,0.035114999,2.48789853,1.664662411,1.740715522,9.188561758,5.179054856,13.28902221,9.994139496,8.6185908,1.947606687,6.150693489,
Finland,0.160453866,0.201962723,0.253981877,0.06756426,0.142545852,0.234425096,0.184246383,0.145189753,0.094338868,0.062653647,0.052727712,0.192401109,0.001745159,0.167983763,0.261300033,0.204641477,0.480734361,0.293991814,0.496107658,0.419688813,0.584786995,-0.185876231,0.359776083,0.9886187,1.486392303,0.798224348,0.871528223,1.730670123,9.2696831,3.56742601,7.492540473,3.000133292,6.122002155,2.113985293,1.518410353,2.454651438,3.713994136,5.152631142,-0.840435414,0.190270557,2.970904138,
France,0.422630503,0.321117622,0.326773561,0.430433362,0.654455756,0.439777278,0.266132348,0.46773607,0.494228741,0.427803384,0.475541289,0.408054352,0.275898623,0.313562071,0.459660984,0.477564591,0.429239998,0.559945311,0.848007776,1.023220451,1.059610484,1.216691064,1.590678062,1.600152739,1.154754138,1.509884485,1.397013575,1.62138954,2.009597812,3.157505404,3.195231427,3.761700483,3.413750125,2.402722272,1.596987988,3.978202569,3.18440532,3.807037041,2.349681422,1.338209942,1.315292344,
French Polynesia,,,,,,,,,,,,,,,,,,,,,,,,,,,,,,,,,,,,,,,,,,
Gabon,,,,,,,,,2.366302515,1.816616427,0.736633981,1.413046282,3.641333253,3.298030128,0.22812152,0.451846404,3.23910657,2.736521211,3.456775974,-0.729311892,1.234107252,-1.010362176,2.269864642,-2.597049741,-2.376672754,-6.342699382,-8.589392042,-5.843948261,3.270480381,-3.358834411,-0.841116313,-1.89038507,0.790148954,2.609245273,4.451095621,2.796472585,2.805423649,2.327608943,1.438060494,0.299946367,1.297005195,
Gambia,,,,,,,,,1.165844807,5.639377135,0.116143664,1.042476633,0.124997499,-0.187428952,-0.958590338,-0.221514322,-1.073943715,0.669431486,0.438960869,5.204998532,4.45534815,2.903364459,1.821610695,3.020164583,2.678183577,2.02323236,2.721589942,2.848010858,,,,,,5.199805389,13.85388362,11.63698764,16.17301028,11.99744988,9.56482375,5.378128845,4.632994267,
Georgia,,,,,,,,,,,,,,,,,,,,,,,,,,,,6.907767515,7.341911985,2.939260161,4.29219545,3.411717687,4.71797418,8.384306896,9.60499634,7.061960377,15.10673605,17.20500354,12.22371949,6.115079573,6.999932316,
Germany,,0.45608737,0.653956191,0.54532748,0.505189166,0.145430345,0.262711705,0.163477386,0.223770897,0.203139108,0.037236078,0.041310201,0.101224135,0.231165609,0.075518164,0.115879671,0.221364938,0.168644843,0.078521861,0.518084532,0.175209764,0.262538712,-0.102557704,0.019992547,0.339403079,0.475075003,0.263819621,0.593186932,1.085123518,2.623437742,11.13683645,1.39142267,2.671464184,1.276251674,-0.359562989,1.679992479,1.951397591,2.424705337,0.132087309,1.179761261,1.406095038,
Ghana,,,,,,2.521967062,-0.660351944,0.602515154,0.26474398,-0.069647795,0.350938127,0.385174086,0.403865759,0.059153002,0.04532804,0.124324483,0.07507504,0.092613938,0.096245607,0.285771937,0.251443949,0.303049664,0.350870348,2.095310031,4.282678869,1.649259952,1.73271933,1.188258392,2.239758867,3.160907346,3.333005999,1.681999196,0.956235991,1.793639059,1.569792705,1.352288444,3.119482589,3.472569493,4.278064009,6.48512263,7.822325594,
Gibraltar,,,,,,,,,,,,,,,,,,,,,,,,,,,,,,,,,,,,,,,,,,
Greece,0.395428178,0.301850502,0.341584954,0.290941848,0.277156216,0.088231256,1.026720763,1.121857702,1.013870317,1.179936327,1.240064696,1.041755461,0.837145447,0.931395143,1.059179365,0.980257959,0.876090796,1.090982857,1.247249557,0.996122143,1.076646284,1.132047604,1.032233249,0.941628647,0.882295162,0.8067588,0.766507827,0.73076662,,0.425940964,0.870773174,1.220717252,0.036330977,0.69053245,0.923442449,0.273941332,2.060938706,0.642413302,1.554443532,0.751813343,0.142802392,
Greenland,,,,,,,,,,,,,,,,,,,,,,,,,,,,,,,,,,,,,,,,,,
Grenada,,,,,,,,-0.187539074,2.072595716,,,,1.995177384,2.470084431,2.543142506,3.206517234,3.111899729,8.803596895,8.118577536,4.919343711,5.82351883,6.322826065,8.999660448,8.090869255,7.376910147,7.23056313,5.75695118,10.98574077,14.28493831,10.94537254,7.197150844,11.31177683,10.0880397,15.13793363,10.94861873,10.05969667,12.80785189,20.6220455,17.13721779,13.47482732,7.785579518,
Guam,,,,,,,,,,,,,,,,,,,,,,,,,,,,,,,,,,,,,,,,,,
Guatemala,,,,,,,,1.779034687,2.09534471,1.695013426,1.405054128,1.476619178,0.884478637,0.497237548,0.401267154,0.635694408,0.951332256,2.120151372,4.207047878,0.905986171,0.623519177,0.964268129,0.901268282,1.25000627,0.502186084,0.513068303,0.487276941,0.474459646,3.469172788,0.844020554,1.191774224,2.43561265,0.532410148,0.597735236,1.235120124,1.869081232,1.957584746,2.18420448,1.926089743,1.592228704,2.139298656,
Guinea,,,,,,,,,,,,,,,,,0.436908149,0.629427404,0.657636533,0.506984007,0.669762681,1.285950488,0.599459553,0.082950518,0.006207106,0.020818932,0.614468899,0.457240138,0.496324802,1.833205833,0.319435791,0.057980734,0.982525977,2.291249124,2.670237291,3.574988439,4.430509732,9.167727522,10.10729807,1.19625823,2.246934503,
Guinea-Bissau,,,,,,-0.119281647,,0.034791297,,0.194030893,,,,,1.653681601,1.000999245,0.629679288,0.069030395,0.413480374,0.220508608,0.827999083,0.812754132,2.576071725,1.393105187,0.182496655,0.015750482,0.380890237,4.274465839,2.134645515,0.325635351,0.325947072,0.198766691,1.748917602,0.842870084,0.330302892,1.517403295,3.063790882,2.717195529,0.607289766,2.090935404,1.007234822,
Guyana,,,,,,,,-0.392261455,0.792774336,0.11089573,0.097519114,-0.311695548,0.9197787,0.967302453,1.025753055,0.399343062,-1.783410323,1.226762591,0.507491558,-0.542420184,1.992020501,3.664892123,39.80923462,15.72330444,19.72544772,11.97181358,8.363977242,6.941311175,6.132141832,6.621039224,9.415324815,8.04272446,6.034928575,3.517855204,3.817188386,9.310438944,7.021157129,8.756909516,8.738177035,10.26772749,12.11170752,
Haiti,,,,,,,,,,,,,,,,,,,,,,-0.051778501,-0.10419598,-0.155014247,-0.131768828,0.274531654,0.138006935,0.123355238,0.286360583,0.733728987,0.361576916,0.12542824,0.177314204,0.488239604,0.161172324,0.62586606,3.291158572,1.247637791,0.465064939,0.585772126,2.235557802,
Honduras,,,,,-0.111164814,0.622775801,0.389465894,0.533093751,0.681523722,1.252498352,0.226032733,-0.127682213,0.47528844,0.682482945,0.616149443,0.75559831,0.787711691,0.930764607,1.216506284,1.431197969,1.426745859,1.697918989,1.392026562,0.766802724,1.013880674,1.278428027,2.253325796,2.605510347,1.903035293,4.416902304,5.371288935,4.020919368,3.538481675,4.891693313,6.164551918,6.146783275,6.128703244,7.503610356,6.694473054,3.691041047,5.177753783,
"Hong Kong, China",,,,,,,,,,,,,,,,,,,,,,,,,,,,,8.846162177,15.05228688,36.6151413,14.27202506,5.91153213,8.591953895,20.51500459,18.91059903,23.72098495,26.25228146,27.68051874,25.03552042,31.66123825,
Hungary,,,,,,,,,,,,,,,,,,,,,1.675359189,4.286976267,3.891562724,5.96708311,2.700662231,10.54434222,7.160650798,8.928680438,6.97161433,6.854569022,5.972715411,7.480689919,4.538145813,2.606283802,4.20089499,6.912647509,17.34801713,52.05155004,47.03311727,3.259651837,-32.87173471,
Iceland,,,,,,,0.27359686,0.19303322,0.327323695,0.110274651,0.669403307,1.540138086,1.13322627,-0.858723767,0.485470258,0.802763401,0.216256463,0.044129511,-0.246003732,-0.490289669,0.347484591,0.27123378,-0.186794846,0.003445842,-0.021807323,-0.132683283,1.137128224,1.991323334,1.806020647,0.748080156,1.785934843,2.0982229,1.039342671,3.064030942,5.712725404,19.18157541,23.33812319,33.67467428,7.166045527,0.524898528,2.0479533,
India,,,,,,-0.01064552,-0.00762355,-0.030118287,0.013362635,0.032196437,0.043068877,0.048263583,0.036466499,0.002621192,0.009176335,0.046138007,0.047785928,0.076926479,0.031127412,0.086065225,0.074555871,0.027488291,0.11260797,0.199382436,0.300851,0.601637434,0.624718698,0.870576296,0.632945633,0.481399696,0.778869461,1.145120901,1.109256889,0.72110527,0.799821385,0.912002246,2.137612332,2.051039399,3.569616255,2.58453304,1.398820306,
Indonesia,,,,,,,,,,,,0.143824399,0.237554359,0.342043727,0.253388676,0.354939312,0.322255659,0.507048516,0.648739068,0.6722179,0.955198331,1.156294864,1.277348796,1.268299445,1.192251901,2.150079796,2.724197983,2.167798298,-0.252290447,-1.332573529,-2.75743993,-1.855686195,0.074151638,-0.254256326,0.738243957,2.916114927,1.347942602,1.603010572,1.826272063,0.904295827,1.892353666,
Iran,0.264449012,0.493810035,0.557913685,2.177260334,0.729737618,1.010174929,-0.159665397,0.462047719,1.244718456,0.190731438,0.089858836,0.029067097,-0.111983608,-0.05333416,0.027889674,-0.022352686,-0.056566363,-0.240614288,0.05205242,-0.017034627,-0.311931665,,,0.345408286,0.002979373,0.018716387,0.023513784,0.050332995,0.023377711,0.033442886,0.038504632,0.939440537,3.141247914,1.99237231,1.75424126,1.632990118,0.738767076,0.583649606,0.477678805,0.911161502,,
Iraq,-0.025338088,-0.004343048,-0.001680332,-0.101041234,-0.067943078,-0.279100739,0.006964842,0.018819816,0.001082955,0.004069304,0.003216844,0.012645856,0.00658028,0.003920521,-0.011074361,0.000882264,0.004876028,0.030227266,0.000552858,0.005513973,,,,,,,,0.011073909,0.067916546,-0.038456474,-0.012143663,-0.034061933,-0.008381836,,1.164818472,1.645434085,0.849599348,1.705213945,2.144572433,2.226476306,1.736329359,
Ireland,,,,,0.668667547,1.720134545,1.883923476,1.249162652,2.642236013,1.895502773,1.35847274,1.015159017,1.162313125,0.842592312,0.622531281,0.793594573,-0.14509229,0.271341642,0.249932534,0.223661401,1.312466427,2.810623599,2.659119298,2.206023958,1.514302578,2.157824288,3.538532092,3.379967194,12.52284159,19.00285591,26.14832683,9.056118234,23.8492867,14.08410496,-5.880950137,-14.92213726,-2.469250645,9.455843427,-6.196956844,11.90090904,13.1091046,
Isle of Man,,,,,,,,,,,,,,,,,,,,,,,,,,,,,,,,,,,,,,,,,,
Israel,0.912085885,1.022768548,1.58911851,1.612177069,0.668385967,0.364756815,0.376724887,0.587967674,0.286367917,0.062816455,0.234149366,0.493181396,0.086681519,0.286125621,0.343665477,0.465537364,0.482804805,0.631688537,0.608760315,0.359643088,0.287672058,0.584076927,0.89476831,0.917549724,0.591404402,1.405613422,1.325896954,1.507336481,1.58108476,3.74580384,6.450942071,1.439388737,1.40031536,2.793854146,2.323267102,3.589208166,10.48760312,5.268651275,5.380515597,2.271385499,2.370650979,
Italy,0.571288581,0.457888599,0.481484103,0.392674905,0.31022401,0.294152338,0.050193128,0.454576772,0.156815176,0.109528692,0.125388752,0.271588482,0.14991958,0.278678761,0.313023579,0.245968488,-0.027836935,0.537756982,0.791736487,0.242047756,0.565612149,0.200849735,0.244074385,0.365352183,0.207650149,0.427806087,0.280007069,0.308667584,0.21514366,0.5746543,1.193504563,1.32365168,1.199758154,1.09196128,0.96749769,1.099316642,2.082614501,1.882439765,-0.41123332,0.781307739,0.465488389,
Jamaica,,,,,,,-0.020228973,-0.298486041,-1.005850618,-1.088630979,1.033821488,-0.386031959,-0.479733345,-0.516679879,0.51399488,-0.428522653,-0.166996444,1.624578111,-0.313451552,1.296272493,3.002912622,3.243870413,4.027773095,1.592651185,2.626498976,2.535489987,2.814332477,2.720630611,4.222071877,5.930306829,5.198348851,6.742807687,4.971636597,7.667883651,5.935896961,6.119987171,7.358006357,6.720217084,10.08473519,4.301281016,1.597484212,
Japan,,,,,,,,0.00286136,0.001018249,0.023478996,0.026143866,0.016050136,0.039985081,0.034161362,-0.000783968,0.046747742,0.011194826,0.047422017,-0.016214594,-0.034920823,0.058120961,0.036895413,0.07270534,0.002728693,0.019077023,0.000747135,0.00447258,0.075086705,0.084731181,0.28173817,0.176267612,0.151165786,0.231915888,0.147507843,0.169498721,0.07059505,-0.155494364,0.506632059,0.503125187,0.235131268,-0.024893696,
Jordan,,,0.071022677,0.225733725,0.570392088,1.881167372,-0.456703964,0.546680443,2.213116687,0.807349797,0.85393497,3.166781258,1.231516114,0.69221997,1.503551008,0.487351277,0.368053212,0.605299855,0.392271805,-0.032695322,0.93642456,-0.283483071,0.766783023,-0.598463695,0.045768951,0.197817608,0.223927691,4.97969774,3.917228597,1.937903137,10.79004803,3.046935046,2.485570787,5.363606968,8.209450093,15.76406328,22.65196525,14.75985616,12.45431853,9.670759297,6.17043984,
Kazakhstan,,,,,,,,,,,,,,,,,,,,,,,0.40149453,5.431238018,3.104347984,4.732430888,5.40518497,5.961400568,5.201659067,9.406776135,7.011398736,12.79753705,10.51369799,6.784879163,9.633950905,3.450789437,7.750454829,10.60435627,10.73260523,11.48306367,7.162771665,
Kenya,0.860645654,0.416106402,0.298963712,0.689808487,0.788563124,0.526447492,1.334616704,1.258132031,0.648865668,1.347523968,1.086997173,0.206398387,0.202141099,0.397023332,0.17368417,0.47018351,0.452066859,0.494069136,0.004720678,0.751836887,0.664461938,0.230995267,0.077403617,2.532352589,0.103976829,0.467473986,0.902161732,0.473452965,0.188375901,0.402863318,0.873864259,0.040831747,0.210037979,0.548445031,0.286180527,0.11320207,0.225198067,2.676693866,0.313198871,0.380170733,0.577030615,
Kiribati,,,,,,,,,,,,,,-3.060870791,,1.029781899,0.516628475,0.91604783,0.833433459,0.609953454,1.054951758,0.894718951,0.818231421,-1.583458425,0.767548181,0.672944853,0.793320049,0.740549876,0.65538771,0.63973696,1.05776297,0.770014627,0.703003641,0.994138258,1.125167619,4.390062993,0.518570026,0.901699186,2.010644569,2.479505248,2.427118047,
"Korea, Dem. Rep.",,,,,,,,,,,,,,,,,,,,,,,,,,,,,,,,,,,,,,,,,,
"Korea, Rep.",,,,,,,0.274067601,0.247849512,0.174082426,0.053384764,0.009399328,0.142718731,0.090529561,0.081054918,0.118226392,0.24166906,0.412917319,0.440196702,0.541007667,0.48500227,0.29892676,0.382821955,0.220773328,0.162397666,0.191056844,0.34340316,0.417004691,0.550899472,1.566818806,2.095512931,1.740472065,0.699127902,0.415381128,0.547639946,1.28068101,0.746689104,0.376812349,0.170066609,0.355453314,0.269644727,-0.014795711,
Kosovo,,,,,,,,,,,,,,,,,,,,,,,,,,,,,,,,,,,1.464027064,3.575189098,9.444742829,12.89667528,9.514939943,7.404686726,8.661549633,
Kuwait,0.904428204,0.000257706,0.000224692,0.005546512,0.000922584,0.002079381,-0.003883568,0.009407666,0.004902101,0.005171913,0.002898159,0.004828793,-0.000417108,0.000191653,-0.027787912,0.033805884,-0.081155095,-0.028253761,0.078877461,0.015053144,0.030388904,0.007266151,0.177757135,0.055352318,4.02439E-05,0.024644815,1.102950329,0.065169446,0.227639292,0.239932635,0.043214989,-0.319615396,0.009490183,-0.140178225,0.039960909,0.289492646,0.11944094,0.097222725,-0.004000299,1.017319742,,
Kyrgyzstan,,,,,,,,,,,,,,,,,,,,,,,,0.493024819,2.271138678,5.785004738,2.584742847,4.741314847,6.636141592,3.55569212,-0.172310639,0.328285919,0.290349126,2.373336345,7.933800973,1.730381762,6.422443743,5.467872701,7.334537906,4.03787229,9.479429713,
Laos,,,,,,,,,,,,,,,,-0.068450706,,,0.333911401,0.560187369,0.693192961,0.671148808,0.691607746,2.251932238,3.835174608,5.392574003,8.528709494,4.939863362,3.53857084,3.54834841,1.953139386,1.35157902,0.243285351,0.906725954,0.674775594,1.019792657,5.367507057,7.59499185,4.158080589,5.393464987,3.821163575,
Latvia,,,,,,,,,,,,,,,,,,,,,,,0.606537864,1.009917828,4.237485788,3.430626687,6.833912113,8.49556669,5.393717433,4.769140878,5.266135537,1.587865294,2.722553715,2.713103169,4.628105812,4.447744031,8.348111998,8.04986857,4.031557739,0.361341747,1.536880096,
Lebanon,,,,,,,,,,,,,,,,,,,,,,,,,,,,,,,,,6.975529146,14.24105903,8.714377904,12.00100194,11.91941278,13.47335661,14.40526198,13.75416629,10.97230256,
Lesotho,,,,,,,,0.227721596,0.007506471,0.068931642,1.041579023,1.102954745,0.756315219,1.148705092,0.6324167,0,0.637737443,1.557605496,4.964291987,2.980036631,3.158472975,1.24665873,0.376637941,2.121892337,2.537920264,33.81424995,36.11379097,32.01099225,33.09463172,20.85641777,4.33857889,4.319642816,4.439383876,4.63373218,4.505219877,5.052802796,4.094648107,6.541853882,6.765070569,5.898212198,5.370758583,
Liberia,16.38585242,-9.251555482,5.184213977,17.7931936,10.94000961,29.10705837,12.7861641,22.86899254,17.95639224,4.520730039,7.542039445,30.797641,3.632459587,5.389289076,3.875302966,-1.732667637,-1.781019302,3.95764693,27.94471647,83.4338005,58.59521332,2.416666667,-4.85458613,-33.42892768,13.14674735,3.412462908,-82.89209536,72.26089895,52.92269004,58.00361922,3.708325824,1.528545031,0.500625761,90.74110111,16.38081137,15.61714636,17.62768098,17.91151188,46.82880349,24.76545533,45.92071911,
Libya,,,,,,,,,,,,,,,,,,,,,0.549772236,0.287264621,0.29242181,0.189669817,-0.253837511,-0.346442002,-0.400657026,-0.221216992,-0.469309625,-0.420114786,0.415970913,-0.467974994,0.730753968,0.594285714,1.069354839,2.359090909,3.654107884,6.530342466,4.412795333,2.198508951,,
Liechtenstein,,,,,,,,,,,,,,,,,,,,,,,,,,,,,,,,,,,,,,,,,,
Lithuania,,,,,,,,,,,,,,,,,,,,,,,,0.406421833,0.449870253,0.917880538,1.808558612,3.499980254,8.223928275,4.433879072,3.313524339,3.666557696,5.03003573,0.962879901,3.428386213,3.974305056,6.115908111,5.158137392,4.217848457,0.043617884,2.061495626,
Luxembourg,21.72386359,28.4214784,20.47112814,27.78465336,36.01910023,30.82471343,25.6818684,33.93289043,30.68896973,20.65872469,25.88094289,27.66901195,32.26118804,28.75021655,8.847661752,23.16861548,11.01020571,28.54313788,55.81784583,70.53694836,63.50758031,68.25522611,73.34540094,68.07862024,48.50547615,51.69521426,68.33143366,64.7968262,117.2402002,564.9162675,437.7926057,436.6729852,524.8799719,307.9186229,234.9506164,305.7717258,305.2227414,377.6212191,176.7643173,398.7452026,389.7557204,
"Macao, China",,,,,,,,,,,,,0.025448911,0.801703201,,-0.03109471,0.003633522,-0.005037122,0.016769497,-0.024205184,0.016052543,0.309384298,-0.42565398,-0.068179001,0.059299186,0.033380726,0.089612687,0.03460906,-0.289179185,0.159203455,-0.01294701,2.466280512,5.938843306,6.54334106,7.509980938,15.03605431,18.19785657,27.94256253,14.80318545,8.433115462,12.62472534,
"Macedonia, FYR",,,,,,,,,,,,,,,,,,,,,,,,,0.709792418,0.213288358,0.253496038,0.421383787,4.213953097,2.406730766,5.995638661,13.00950509,2.784648834,2.475906769,5.858040173,1.62049074,6.465242544,8.567494877,5.968592929,2.116154488,2.257621096,
Madagascar,0.899416065,0.090039096,0.896103919,0.665445663,0.71499681,0.200296688,0.063298655,-0.117337392,-0.137775343,-0.190022354,-0.019544567,-0.022254413,-0.002552383,0.105652971,0.291553947,-0.006298491,0.430910845,0.13525183,0.119142825,0.513059307,0.726531306,0.515673435,0.698732058,0.455593808,0.192411204,0.307298064,0.254372207,0.394998805,0.444961712,1.570587634,2.13929007,2.054528316,0.333440398,0.235188649,1.212482516,1.695798304,5.339997743,10.53151668,12.44696647,12.55964194,9.866189101,
Malawi,2.960197352,2.627320158,2.487175375,1.733050003,4.137646775,3.605678808,1.447091015,0.686814662,0.961658409,-0.115674098,0.766096984,0.090244655,0.508434511,0.208767681,2.259057185,0.046274963,-0.2475344,0.007653736,1.263837502,0.584201761,1.238844161,-1.302450835,-0.394548113,0.386352798,2.114790328,0.403807903,0.692565762,0.558271511,0.691439005,3.295652409,1.491247441,1.124378673,0.221375116,3.429405798,4.940853394,1.384298157,2.969438996,1.523422133,4.315063772,1.603727644,2.770000613,
Malaysia,2.197974209,2.215165829,2.125137825,2.11025111,5.651192577,3.543766156,3.243776096,2.904312881,3.001448713,2.654616688,3.745046664,4.966761271,5.12034182,4.108286906,2.307123593,2.186538858,1.730950422,1.313416529,2.039636134,4.293264188,5.298123397,8.137869024,8.762882741,7.482896923,5.829421782,4.703505551,5.035523125,5.127856302,2.997426414,4.921466532,4.038428624,0.597029318,3.176562382,2.244196681,3.706797624,2.874902861,3.879990262,4.599160151,3.311380122,0.719186124,3.855055026,
Maldives,,,,,,,,,,,-0.306144729,-0.066992014,-6.008030259,0.415011038,-0.127849741,0.951595038,3.805440568,3.610134357,0.711699541,2.321466091,2.603573341,2.658831511,2.316981633,2.140685595,2.456659133,1.812258378,2.068298726,2.244855085,2.132576077,2.091211574,3.573781899,2.605441423,3.034906209,3.408817011,4.999493685,5.409758574,4.97750757,5.998422045,7.531433041,6.448659281,8.583633064,
Mali,,-0.139503499,0.699966234,0.106442108,-0.027842287,0.314548865,0.274028189,0.290782513,-0.072487128,0.191798082,0.132405092,0.246381798,0.114629825,0.243271839,0.767885368,0.220267073,-0.498953468,-0.310075913,0.361975711,0.316938601,0.236649801,0.049743804,-0.768477697,0.151653635,0.98807639,4.518365465,1.710247061,2.544700829,0.341512556,0.084733496,3.403119834,4.629049216,7.293393538,3.0318056,2.072188849,3.546221758,0.811847877,0.752297021,1.506941598,8.014311153,1.595902557,
Malta,,4.36349508,1.509690536,1.490639716,2.828124518,3.340174151,2.673262016,2.952519676,2.713583497,1.61590588,2.130359024,3.140166006,1.69031966,2.102677968,2.382026637,1.697112493,1.524933048,1.107333301,2.020455109,2.437916156,1.79774067,2.799143005,1.308509042,2.083332809,5.058956915,3.614061607,7.984631823,2.264176704,7.432687518,21.94001416,15.43870361,6.235430671,-10.15642819,20.16361012,7.048235403,11.38745799,28.83424007,13.21757853,9.603125439,10.81226647,12.03926102,
Marshall Islands,,,,,,,,,,,,,,,,,,,,,1.274274938,1.212018374,,1.00541921,-4.626588076,-4.158695833,-4.510274405,-15.58014749,-2.741438185,90.26837323,112.8405717,-0.781574688,-37.6157237,3.688304087,3.127231834,4.725319958,4.325017197,8.147509052,3.605002778,5.256417097,5.312247468,
Mauritania,0.382138369,1.779335484,0.796198185,2.951471146,0.872767915,-25.78236184,0.296484226,0.762801557,0.525226785,9.817985243,3.821226992,1.663666602,1.995469649,0.173562998,1.172893462,1.0215707,0.55932346,0.184479814,0.201240672,0.353300546,0.660672365,0.157221691,0.515531415,1.287411697,0.158040659,0.49384548,-0.030191354,-0.237521125,0.009645963,1.075610907,3.099438979,5.920325712,5.089002949,6.518784062,21.35869576,37.26805007,3.469574661,4.120046128,9.438582066,-1.265270748,0.377154996,
Mauritius,,,,,,,0.444560906,0.274480824,0.429642755,0.143376711,0.103051028,0.058525797,0.161368974,0.148245022,0.471556527,0.737064754,0.505490574,0.908576629,1.10750424,1.634055932,1.546653144,0.608271009,0.456357835,0.451452173,0.561766417,0.462655406,0.829075695,1.320107223,0.291878858,1.150109984,5.796783903,-0.610058261,0.672772741,1.116443713,0.217591733,0.664836903,1.640639949,4.373219035,3.917874038,2.908481338,4.43287264,
Mayotte,,,,,,,,,,,,,,,,,,,,,,,,,,,,,,,,,,,,,,,,,,
Mexico,0.878142856,0.783145696,0.39484822,0.826830514,0.706835837,0.520898016,0.821634267,0.399754207,0.642000947,0.990037765,1.075341703,1.230791243,1.094284322,1.47245615,0.877971307,1.075495576,1.572927218,0.844124474,1.098041413,1.249007508,0.970272194,1.508011211,1.208165021,1.088553792,2.601813676,3.322758316,2.759192606,3.195625153,3.028565108,2.884549557,3.114753966,4.799707679,3.685465339,2.64709935,3.266474393,2.859517608,2.095319667,2.945592525,2.427167916,1.793970358,1.910669149,
"Micronesia, Fed. Sts.",,,,,,,,,,,,,,,,,,,,,,,,,,,-32.28520999,0,-0.099961037,-0.402539612,,-0.095686907,,,,0.015996958,0.231811579,6.482773574,2.191498218,2.746523552,3.378453808,
Moldova,,,,,,,,,,,,,,,,,,,,,,,0.732997664,0.590265778,0.679545466,1.478041601,1.400482159,4.079641725,4.605070365,3.236290049,9.898944283,3.683500247,5.057713389,3.723052257,3.374987991,6.381827181,7.583202971,12.29438958,11.75033499,2.671782505,3.319620691,
Monaco,,,,,,,,,,,,,,,,,,,,,,,,,,,,,,,,,,,,,,,,,,
Mongolia,,,,,,,,,,,,,,,,,0.004833956,,,,,0.467419687,0.151789769,1.002080076,0.745287604,0.674854417,1.181524141,2.116968044,1.680836327,2.874952952,4.723386514,3.391172747,5.570418422,8.242977649,4.663498328,7.315642807,10.12922017,8.801976748,15.02156131,13.60453193,23.4613579,
Montenegro,,,,,,,,,,,,,,,,,,,,,,,,,,,,,,,,,,,,,,25.46957663,21.24955932,36.87798702,18.49741497,
Morocco,0.505519205,0.530225899,0.256202185,0.087950074,-0.2657839,0.055871989,0.396636899,0.072345077,0.088842773,0.046741366,0.475092323,0.383378159,0.51561902,0.330835174,0.368506551,0.155211888,0.003231519,0.317800882,0.38138637,0.731188274,0.63949782,1.140450338,1.484924678,1.833755753,1.815161107,0.280075474,0.208555854,0.010680208,0.029657765,0.006674042,0.596261719,0.381284233,0.195864854,4.641830228,1.382056625,2.721181913,3.604668421,3.730931145,2.774759237,2.167372721,1.366260305,
Mozambique,,,,,,,,,,,0.123642776,0.010475368,0.053388036,0.076286375,-0.086576177,0.007402089,0.028607232,0.263396446,0.214962117,0.146925128,0.373492005,0.834732027,1.284980516,1.578181236,1.618293978,2.002856172,2.280843316,1.716494434,5.016111029,8.581340053,3.276259443,6.267794759,8.273221514,7.215710611,4.294563739,1.639478099,2.166368537,5.322914135,5.981235989,9.118339907,8.230790694,
Myanmar,,,,,,,,,,,,,,,,,,,,,,,,,,,,,,,,,,,,,,,,,,
Namibia,,,,,,,,,,,,,,,,,0.589262751,-0.008787131,-0.070943164,-0.022124541,1.258016855,4.832897414,4.166563454,1.941518201,3.012903502,4.368015111,3.685963484,2.502537343,2.831443845,0.047035227,3.041131753,1.018859637,,0.674005619,1.335243614,2.287573386,-0.387047151,1.929730337,4.560916972,5.338570364,6.539317261,
Nepal,,,0.002929405,-0.001028697,0.020526234,,-0.002753324,,0.025558508,0.016205267,0.015416899,-0.010107299,-0.001252387,-0.024518068,0.036804361,0.024809975,0.041041386,0.047003095,0.019500949,0.011914123,0.163746464,0.056611336,,,,,0.42374943,0.468752021,0.247611787,0.086418535,-0.008824258,0.347091518,-0.098374869,0.233443498,-0.005737561,0.030156293,-0.073257413,0.055866109,0.007915017,0.296004084,0.558561943,
Netherlands,1.789414313,1.823268016,1.489006757,1.67162142,1.393327178,1.32190176,0.571308253,0.509423237,0.744612521,1.030564858,1.26037153,1.18329265,0.836167562,0.955411465,1.287958027,1.129217115,1.681756413,1.334450514,1.97080622,3.576832626,3.620446117,1.853811925,1.840051948,1.94821268,2.029246549,2.91338097,3.972523809,2.854436519,9.342867875,10.00537444,16.3913168,12.97369019,5.814693229,3.797189558,0.717939278,7.412773639,1.040885035,15.9419168,1.149285115,4.630254337,-2.001260236,
New Caledonia,,,0.001976704,1.764722593,,0.050205237,0.000417548,0.381240383,0.377459179,0.3176649,0.169139323,0.123613711,0.235458079,0.01456606,0.356775413,0.012868149,0.011654405,0.077328827,0.041491058,0.379392394,1.239468421,0.124350851,-0.006840495,0.651431535,0.00131634,0.019567636,-0.023842737,0.303813789,0.000633151,0.145894669,-1.514571902,,,,,,,,,,,
New Zealand,2.268259383,1.402882395,1.337242762,1.639355738,1.825798499,1.087992761,2.066231019,1.013263867,1.498859487,1.717283183,0.779355872,1.145139713,1.383174302,0.733952293,5.942384749,5.230347247,4.048437017,3.25072565,3.884007536,3.78425137,3.898760536,3.08414934,4.746985961,5.228124378,4.600009034,5.28135714,3.394253195,3.799133993,2.324327566,1.98569818,7.442956664,-0.565622132,2.262345064,2.613209238,2.289867622,1.409210292,4.126619257,2.306876153,4.150865182,-0.567679613,,
Nicaragua,1.926609191,1.605175271,1.138213174,1.207795756,0.907059281,0.689175536,0.702270129,0.449034601,0.328993752,0.178616996,0.584495327,-0.001212268,0.406056923,0.003632269,0.238787681,-0.00037262,0.002079146,0.062577896,-0.003420882,0.276352155,0.066372415,2.82105613,0.836680054,2.208995726,1.568465166,2.785836458,3.613877117,6.011629269,6.107776111,9.012921458,6.770269459,3.661042112,5.0640665,4.907228341,5.596889071,4.947726687,5.48339375,6.741370036,9.825422031,6.987810378,7.754325317,
Niger,0.420494007,-0.769085568,0.121385893,0.105664669,0.673288408,2.150844411,0.928970759,0.995001688,2.404110798,2.21823347,1.958108109,-0.281571632,1.398486394,0.067384477,0.09898161,-0.65126417,0.924171035,0.663534048,0.302855049,0.034948801,1.645242521,0.651091738,2.404700994,-2.138160136,-0.720238178,0.38219124,0.496728239,0.984572441,-0.049298934,0.01368101,0.46915272,1.176930868,0.110787942,0.545952461,0.862351175,1.291464491,1.386620906,3.007539175,6.339527389,15.50260783,17.06441438,
Nigeria,1.634006584,3.114867861,2.484843267,2.459956251,1.034345032,1.692361519,0.933655816,1.222448337,0.577458572,0.655098278,-1.150855804,0.90510771,0.865317021,1.042717588,0.671212614,1.709316045,0.955998865,2.604596101,1.657351294,7.90256905,2.064741657,2.608150611,2.741153061,6.300677879,8.27954027,3.839618025,4.514157485,4.249165141,3.270694884,2.889681267,2.479452216,2.480500573,3.170063275,2.964104843,2.133330772,4.438849285,3.338016862,3.637261906,3.957459673,5.075022677,2.986604739,
Northern Mariana Islands,,,,,,,,,,,,,,,,,,,,,,,,,,,,,,,,,,,,,,,,,,
Norway,0.502750058,0.64933926,0.702682486,0.935461539,1.287402407,0.674561201,1.043945455,1.870709115,1.064459391,0.763793635,0.093881491,1.068655053,0.714648237,0.540189021,-0.295348096,-0.66368828,1.317784274,0.202021721,0.279176926,1.507718675,0.852828098,-0.332286981,-0.520748343,0.839077641,2.197567125,1.606748238,1.984928093,2.456058926,2.880695073,4.260386332,4.136760229,1.230882165,0.342293684,1.578510265,0.978343075,1.759440919,2.122668225,1.660380392,1.65502519,4.00268623,2.81388052,
Oman,1.178215715,-0.089696549,0.466087946,0.307755797,-3.711521828,5.067661859,3.177654588,1.753273983,3.148441368,3.148507155,1.645612563,0.861484449,2.410515814,1.948976345,1.7919827,1.61173649,1.915859802,0.446161023,1.094743362,1.198801189,1.217476453,1.192441744,0.837527928,1.136647512,0.591870838,0.335399751,0.396654917,0.407262497,0.724155464,0.255249022,0.41272646,0.026073919,0.544817741,0.115900035,0.450089593,4.977699194,4.336795951,7.952330642,4.873754684,3.22031074,,
Pakistan,0.229378644,0.009432131,0.182616823,-0.063242265,0.045594278,0.220458541,0.061630162,0.100642228,0.18110555,0.295586494,0.268610405,0.38463493,0.207749624,0.102666732,0.178192352,0.421864139,0.331452681,0.387921207,0.484736861,0.524258312,0.612997637,0.568544195,0.691843695,0.677094209,0.811304165,1.19175194,1.456054495,1.14722858,0.813610046,0.844795025,0.416484258,0.529665859,1.138205214,0.641481502,1.141075209,2.008211679,3.351372549,3.904417004,3.318044944,1.444823876,1.143215311,
Palau,,,,,,,,,,,,,,,,,,,,,1.30059307,1.192534733,1.212841567,,,-0.220502536,-3.493433639,71.74087781,-1.304125469,5.419218399,12.43920142,8.631754589,1.0380478,1.271103579,5.278526505,0.598234178,0.753444775,1.893005618,1.03368886,1.216412177,1.362419156,
Panama,,,,,,,,0.524694314,-0.101502231,1.766521292,5.73445661,7.030398597,7.694083581,1.623091234,-2.653584789,1.245834876,0.361615334,-9.869996275,-12.20843163,1.05370844,2.550252202,1.857145302,2.175746078,2.338439478,5.191429938,2.820606873,4.457150213,12.88476795,11.0048022,6.595497674,5.368960028,3.955960195,0.803428832,6.320941453,7.187237734,5.933513098,14.92151485,8.974941902,9.472912353,5.096111044,8.805574968,
Papua New Guinea,20.08404915,6.616822081,9.999976126,8.613620558,4.953841477,-0.164382606,1.377784887,1.20689222,1.997331246,1.927202956,2.966383981,3.449839272,3.626137293,5.419213299,4.532271712,3.439382192,3.429134263,2.963847449,4.198431077,5.735035057,4.826910353,3.081807001,2.382368198,1.245326545,1.034963394,9.804955423,2.158749445,0.578844486,2.892943602,8.527108322,2.724273204,2.029857995,0.609386617,3.327248212,0.776750655,0.783322319,0.229640011,1.616001889,-0.380512796,5.347649631,0.305286786,
Paraguay,0.799179975,1.068357663,0.45264245,0.924129231,1.774009907,1.614375224,1.294909572,1.037206172,0.960991096,1.469220472,0.692323323,0.551778877,0.67520349,0.087446525,0.118384963,0.022131589,0.016928782,0.141979469,0.212586469,0.293363438,1.460700914,1.377866174,1.822974189,1.090942068,1.975308237,1.279474468,1.708520307,2.657771166,4.319573355,1.295933924,1.47215507,1.306284069,0.198194621,0.493547525,0.542162569,0.715888477,1.868421305,1.687890707,1.651736118,1.409449582,1.87930579,
Peru,-0.19294715,-0.03990202,0.674209446,0.893500972,0.462324574,0.494138369,0.463222641,0.380156051,0.205556723,0.456807829,0.130195603,0.500663884,0.193412385,0.198642264,-0.448464054,0.005308306,0.122375188,0.133861712,0.210090643,0.286732817,0.155926907,-0.020263728,-0.21893355,2.18342532,7.323951956,4.763903194,6.212224773,3.612218834,2.89674091,3.76631151,1.519404822,2.121523789,3.797336625,2.176166811,2.293349818,3.248368055,3.755566609,5.120574802,5.459313769,4.393206767,4.666095016,
Philippines,-0.015552045,0.291430035,0.051138656,0.588123833,0.948684377,0.765410469,0.897783745,1.068808894,0.444810791,0.025452366,-0.326652381,0.482513891,0.043080047,0.316149544,0.028654683,0.039044368,0.425199051,0.924810932,2.470603174,1.322365531,1.196075197,1.197776048,0.43038062,2.277067049,2.48265794,1.994067226,1.831059821,1.484011517,3.167281965,1.502497515,2.76453466,0.255697469,1.895334799,0.58516327,0.752972186,1.798847822,2.390134039,1.952330987,0.889387943,1.16613718,0.858261808,
Poland,,,,,,,,,,,,,,,,0.021125345,0.021653671,0.018785986,0.021794746,0.013380133,0.137878477,0.347877301,0.734600772,1.825163019,1.729622107,2.63120491,2.870744397,3.123054551,3.681285967,4.332493556,5.454934457,3.000721506,2.084474711,2.116688741,5.030680214,3.392097577,5.81731006,5.560734616,2.829237278,3.024487906,1.939331422,
Portugal,0.361641674,0.616817817,0.658299039,0.638043964,0.613469596,0.604265383,0.314028451,0.273783101,0.28477073,0.298100529,0.483555073,0.553035665,0.478189304,0.546347774,0.796660302,1.024277909,0.622959173,0.979948046,1.657656277,2.905192646,3.36062146,2.780968799,1.764774878,1.636273564,1.290901556,0.587382504,1.111746204,2.03750722,2.445333686,0.92355424,5.696200373,5.130637663,1.326539304,4.480195635,0.895727276,2.115590827,5.435650309,1.281568829,1.858172334,1.154290387,0.645870539,
Puerto Rico,,,,,,,,,,,,,,,,,,,,,,,,,,,,,,,,,,,,,,,,,,
Qatar,1.885408816,7.051842892,0.001959785,0.166271067,0.540100896,0.362944051,0.006089575,0.055838432,0.219891387,0.081129055,0.138457902,0.043642593,0.048836976,0.014688642,-0.222838878,0.129524074,-0.029091503,-0.054531148,-0.341658853,-0.023119919,0.066300391,0.617998102,0.517645881,1.00676391,1.78792981,1.149680691,3.740559419,3.702755698,3.386477287,0.913812622,1.416675473,1.684982505,3.222105535,2.655415834,3.78519222,5.808535523,5.785439388,5.820374199,3.413012235,8.264137051,,
Romania,,,,,,,,,,,,,,,,,,,,,2.61103E-05,0.138663278,0.306891461,0.356585192,1.133921675,1.181045024,0.744332368,3.443302839,4.82245322,2.924786865,2.798721227,2.879488591,2.496479512,3.0987771,8.534968559,6.553369405,9.290027589,5.862980801,6.939034465,3.007876831,1.819659294,
Russia,,,,,,,,,,,,,,,,,,,,,,,0.252278648,0.278352332,0.174645275,0.522086287,0.658376093,1.201364411,1.019091432,1.689296869,1.045106355,0.896367134,1.002905566,1.849230028,2.61318691,1.686622029,3.000354654,4.237358892,4.515915292,2.986897157,2.925201617,
Rwanda,0.027285129,0.762766966,0.202876665,0.688901649,0.712161719,0.527799857,0.841447263,0.621470499,0.556809905,1.299552444,1.52235389,1.453917248,1.464176956,0.72430018,0.948446425,0.852199298,0.905173559,0.817667706,0.878579368,0.643459303,0.292619149,0.239438016,0.107339963,0.296826271,0.00013269,0.171031394,0.160470608,0.140344589,0.356358437,0.089360492,0.479505353,0.276716968,0.159087846,0.252180337,0.36670145,0.311099399,0.361052103,1.794759998,2.1931937,2.255275031,0.75221219,
Saint Kitts and Nevis,,,,,,,,,,,2.08333337,1.591355627,3.671199076,22.62569872,8.566895974,10.25641044,9.775767285,15.38856583,10.36842124,28.47983504,30.64389036,13.03249008,6.891395736,6.937169824,6.921663357,8.871589242,14.32428381,7.150524145,11.11145789,18.92963431,25.26502782,21.42315713,18.39051422,17.43149916,11.79984989,18.19457288,18.73138673,20.77016617,25.33916605,19.4298771,18.46988929,
Saint Lucia,,,,,,,,,,25.13426468,23.16084656,25.091228,18.45546808,6.472336868,6.088623402,8.986784018,6.430446308,6.188497145,6.002108695,8.54853299,11.27543367,13.38317767,8.565075358,6.943273638,6.283677933,5.840086407,3.251373324,7.912814114,12.68327647,12.00735941,7.454054661,8.608487205,7.467246554,14.05870404,9.203186709,8.879765019,23.75610047,25.58580032,14.28936238,13.24358675,9.182541945,
Saint Martin,,,,,,,,,,,,,,,,,,,,,,,,,,,,,,,,,,,,,,,,,,
Saint Vincent and the Grenadines,,,,,,,,,-1.072961392,1.100693048,1.823988241,0.66844921,1.755450597,2.232986807,1.352657106,1.594592849,5.759268739,3.486950166,5.536176336,5.974514415,3.868002161,4.186638505,5.960833153,13.150507,19.2862253,11.49826237,15.14800775,31.55227596,27.98532069,17.11419163,9.496723792,4.881553333,7.359531622,11.43548642,12.5704397,7.269679777,17.85682147,19.056077,22.66880337,15.1701469,14.15255788,
Samoa,,,,,,,,,,,,,0.148481562,-0.100332251,0.010277649,0.504950892,-0.222353056,0.552539093,0.10125,0.14308132,5.889760379,2.850549803,4.241486206,4.215364541,1.52283959,1.716931819,0.520949825,7.858898462,1.249407506,0.867222079,-0.626991147,0.493144908,-0.027271555,0.168926778,0.614536437,-0.723692814,4.561397086,1.286705062,8.076516271,1.878263131,0.127836758,
San Marino,,,,,,,,,,,,,,,,,,,,,,,,,,,,,,,,,,,,,,,,,,
Sao Tome and Principe,,,,,,,,,,,,,,,,,,,,,,,,,,,,,,,,3.923596609,3.968535924,3.469605809,3.279179373,13.7634796,30.612182,25.10745193,46.30862044,8.159534878,12.52224204,
Saudi Arabia,0.146775986,-1.639494879,0.365931126,-4.334030951,-8.295871438,4.008050844,-0.621258596,1.057647929,0.694181907,-1.13723191,-1.942881332,3.532759371,7.277860122,3.836659156,4.065500594,0.472986472,1.110757281,-1.369183139,-0.371645809,-0.685234696,1.593906,0.121825016,-0.057909711,1.034570911,0.260061686,-1.315946357,-0.714748521,1.842169576,2.938454004,-0.483938586,-0.998221212,0.010731521,-0.325711714,-0.273336913,-0.133546946,3.836348257,5.136266539,6.322265083,8.283561611,9.782999926,4.960168663,
Senegal,0.490191227,0.932135812,1.189326599,0.332901197,0.618796341,1.008022782,1.582148157,1.20490503,-0.193260196,0.276810744,0.413418266,1.081978578,0.902314325,-1.250541587,1.07512058,-0.533507449,-0.201240778,-0.078553045,0.299701646,0.545524099,0.995201749,-0.134415069,0.356096968,-0.01430307,1.724845833,0.649163711,0.172182346,3.767288169,1.396128745,2.975206963,1.341427812,0.654879362,1.463347629,0.765459625,0.959261973,0.513240308,2.351438052,2.627507597,2.970434614,2.592826486,1.845112216,
Serbia,,,,,,,,,,,,,,,,,,,,,,,,,,,,3.461024629,0.69735174,0.635183281,0.853012962,1.558179966,3.756487509,7.191285217,4.347004328,8.126867151,17.00157823,8.810616847,6.273762123,4.821202121,3.488086592,
Seychelles,11.93575195,8.229762075,4.405266198,15.82814502,4.010709634,9.580959389,12.85557409,10.95334208,7.396204589,5.896293971,6.46019694,6.543555769,6.777693585,6.218243995,6.458862076,6.896081876,6.830296051,7.784599342,8.174825433,7.273320877,5.491246912,5.221849326,2.078600162,3.974586138,6.31129278,9.028179489,5.727541797,9.485439638,8.746446756,8.863378179,3.956382733,10.40401801,6.841075225,8.279033868,5.432245227,9.716885723,15.06657481,12.40522106,14.05599472,15.03368176,17.86308399,
Sierra Leone,1.887616096,1.239425002,0.816535087,1.084783004,1.618894813,1.486746064,1.428822015,0.731288261,2.525041167,1.449796188,-1.696239147,0.673271263,0.361483196,0.170566589,0.538560182,-3.612713919,-28.62425573,5.619436112,-2.18830517,2.396253742,4.992681776,0.962116981,-0.823348549,-0.970701412,-0.315182427,0.836853885,0.070499154,0.211710877,0.01559902,0.079654577,6.133392541,1.220824739,1.112753308,0.869229406,5.579528366,6.711514535,4.132744743,5.804960769,2.947764878,4.002050641,4.545383456,
Singapore,4.845021333,5.127005269,5.92178548,9.551695317,6.521018927,5.182329976,3.649587478,4.410254308,3.997603383,9.010930191,10.4185481,11.74603897,10.00098518,6.403112984,6.631677152,5.496510965,9.225188284,13.60626855,14.4446297,9.484472635,15.44550112,11.34785428,4.494688567,7.812606311,12.35027178,14.27826652,10.22523985,13.1527181,7.632635502,19.28485241,17.18515583,16.55180546,7.067536813,12.79024296,19.23057537,12.5172353,21.15468359,22.01762256,4.830471241,8.106222768,18.50794791,
Slovak Republic,,,,,,,,,,,,,,,,,,,,,,,,1.231501965,1.369572595,0.935046899,1.285811155,0.64257283,1.919960989,1.183075586,7.145515473,,11.84872774,1.220106722,5.416879588,3.931505306,6.038899446,3.998821417,3.295392377,-0.036111052,0.633843204,
Slovenia,,,,,,,,,,,,,,,,,,,,,,,0.886401904,0.888500369,0.812623505,0.718212936,0.8193889,1.638080805,0.991844276,0.477819403,0.679697785,2.455738295,7.17269504,1.034231801,2.457019171,1.51297393,1.667299824,3.2371133,3.546867611,-1.306183291,0.780590523,
Solomon Islands,,-0.339613636,-0.024626471,1.266461538,-0.059144068,10.52677513,5.882472752,4.761816756,4.123908009,2.290170688,1.428524539,0.12270414,0.546445622,0.241554661,0.776388288,0.290704218,1.471389646,4.393323715,0.54095394,3.490750223,3.451003137,4.530381242,3.741772608,5.687397585,0.451074547,0.39009498,1.05180828,5.964213779,1.868645531,2.053132768,2.994309457,-2.325622633,-0.130476844,-0.541335495,1.603737712,4.48901268,7.461247437,10.99079678,14.69781233,19.91306261,35.05612303,
Somalia,1.423384501,0.51343292,1.079289534,0.118336557,0.149707826,1.658577251,0.272521486,1.561316217,0.053421997,0.00169371,-0.004970239,0.01573424,-0.098495169,-1.121987327,-1.895345061,-0.080909157,0.32891953,6.371604515,-4.178981321,-3.767874678,0.609567093,,,,,,,,,,,,,,,,,,,,,
South Africa,1.868499971,1.315788904,0.554277908,0.096251278,1.948346088,0.508728753,0.051867231,-0.309389751,-0.241018925,-0.866241657,-0.012761706,0.074858909,0.411679628,0.082429307,0.492537333,-0.674920364,-0.063504455,-0.184256937,0.138214851,-0.161084899,-0.067600891,0.211381101,0.002572937,0.008657999,0.275752054,0.826152745,0.567994086,2.560605896,0.409796579,1.128767108,0.72911537,6.136400777,1.331947402,0.465544727,0.320148161,2.639974472,-0.070353821,2.004735138,3.503661621,1.893405707,0.336423567,
Spain,0.557762464,0.446262579,0.466783118,0.510775058,0.379046243,0.612547366,0.415093212,0.47252804,0.75555167,0.670362584,0.660475336,0.866752946,0.936767286,0.977437117,1.060326814,1.120998895,1.414071757,1.476866975,1.922229084,2.092937545,2.684158602,2.229278297,2.167168099,1.899003962,1.788960501,1.354926794,1.546074933,1.560711756,2.377054796,2.997896165,6.687952136,4.623750437,5.827817207,2.897797802,2.373989998,2.174241126,2.524503392,4.624456389,4.887218548,0.584234634,1.752044916,
Sri Lanka,-0.013063525,0.012661922,0.011746573,0.017387524,0.03916537,0.003764173,2.78449E-05,-0.029688497,0.053944134,1.394269235,1.068684421,1.115631636,1.332999395,0.731028082,0.539629797,0.437605603,0.464045945,0.890492573,0.65520341,0.282532657,0.539742839,0.5371914,1.26379157,1.881082276,1.420195947,0.429753548,0.862545736,2.849576747,1.224592312,1.126764931,1.058988541,1.090991691,1.148946509,1.211327409,1.126677351,1.116128543,1.697007228,1.863919403,1.84746503,0.960350688,0.965075881,
Sudan,0.079038972,,0.024693499,0.008492767,-0.029452302,0.027093008,0.097621546,0.110851537,0.074186822,-0.031659215,0.116184857,0.202662831,0.181427401,0.074658051,0.090368916,-0.024399343,-0.051169158,0.056467895,0.013023583,0.022809703,-0.250873421,-0.005448527,0.001279876,-0.001801598,0.77521953,0.086765011,0.004435418,0.838098952,3.295047747,3.47124544,3.171563624,4.295658647,4.762271651,7.588116261,6.968349629,8.415179782,9.710828834,5.212597073,4.481143898,3.324302819,3.326142235,
Suriname,-1.907647219,-2.366621403,0.934083782,4.151162724,1.803886298,0.222645158,0.187151332,-3.146723818,-1.638171146,-3.123180026,2.032236886,6.193942873,-1.082527437,8.23209018,-7.322600125,2.176953873,-6.050168253,-11.80466379,-13.14648097,-54.35833013,-19.24449993,4.22161466,-13.42066208,-10.70786775,-4.992141678,-2.969969999,2.220962533,-0.989664986,0.962962977,-6.945666738,-16.58887218,-3.510309024,-6.824912074,-5.987178431,-2.51293733,1.555377551,-7.662429499,-10.19559621,-7.620106952,-2.872638655,,
Swaziland,,,0.456585995,0.027038961,1.33634809,5.018709,2.700529949,6.581201189,6.38107898,13.46532221,4.875092844,6.442444242,-2.525858142,-1.016548865,0.988776202,3.171435927,6.877988774,9.631039532,7.269099418,9.617045057,2.700345385,7.091449927,6.790326442,5.292689359,4.454554428,3.04632956,1.345623588,-0.891291913,9.684300533,6.348177406,5.94692258,2.173636883,7.51930653,-3.285070303,2.874564478,-1.774340632,4.10564205,1.227767366,3.501238533,2.22752568,3.668870747,
Sweden,0.306467526,0.217690115,0.143532075,0.152073238,0.124825825,0.104126803,0.005856678,0.092769867,0.07181491,0.098073681,0.189991645,0.150264177,0.33405927,0.231027375,0.285573528,0.369595336,0.769393636,0.372685564,0.863581102,0.886764008,0.811092158,2.463828143,-0.002029243,1.833776349,2.881583451,5.889064987,1.986529718,4.056857252,7.858434717,23.42486377,9.658416,4.945212714,4.936410823,1.5915008,3.346792897,3.272750019,7.13838552,6.008120892,7.855390072,2.682873992,1.275054061,
Switzerland,,,,,,,,,,,,,,0.625440472,0.792109421,1.27401926,1.488376478,1.299285511,0.209760045,1.338739992,2.327666342,1.177912005,0.449628577,0.699307323,1.36284668,1.316151647,1.43492026,2.761396183,3.539235677,4.632912217,7.908340165,3.683441428,2.43537049,5.374992495,0.511327809,-0.140961909,11.50021996,7.696161652,3.180298969,5.951824755,4.111717904,
Syria,-0.004672059,,0.000326831,-0.001389108,0.000193815,0.002050687,0.00131001,0.001169437,,0.000402833,-0.000306222,0.000257762,0.000582861,-0.000113706,0.000285664,0.091443651,0.150452758,0.193726507,0.255269849,0.304463551,0.324975392,0.415965901,0.430072936,0.795855011,2.479742186,0.877446473,0.645415766,0.551525058,0.539443655,1.656810224,1.397089248,0.521331121,0.532845306,0.732998623,1.096188304,1.732563836,1.977028989,3.073775351,2.78731464,4.764198491,2.483973883,
Tajikistan,,,,,,,,,,,,,,,,,,,,,,,0.471390118,0.546549674,0.891481144,0.81200263,1.724314553,1.952609906,2.267994488,0.616887659,2.73584242,0.878574054,2.953565847,2.03649571,13.10238995,2.35604544,11.96463452,9.677850636,7.280816199,0.317776407,0.279901591,
Tanzania,,,,,,,,,,,,,,,,,,,0.073719624,0.132121763,0.000234811,0.000201751,0.26447604,0.480488346,1.108459378,2.282231163,2.310078752,2.054755968,1.843795843,5.327999628,4.54948544,3.74438018,3.667031505,3.124237146,1.767783011,6.615231585,2.812312387,3.456124137,1.931187903,1.940010405,1.891520093,
Thailand,,,,,,0.575337977,0.465800858,0.536307301,0.231824938,0.201963944,0.586827846,0.833826193,0.521644684,0.873083167,0.959430195,0.419531295,0.609103945,0.69640723,1.792474985,2.457343925,2.863204155,2.050177479,1.895890362,1.443109362,0.946891501,1.230778589,1.28379658,2.581163535,6.53927007,4.976506993,2.742701804,4.385778129,2.633743034,3.668162816,3.632244669,4.56777442,4.565638247,4.586226607,3.132442163,1.842075318,3.038684982,
Timor-Leste,,,,,,,,,,,,,,,,,,,,,,,,,,,,,,,,,,1.517461383,,0.273563266,2.594146072,2.187048478,7.972784992,8.349665552,39.89258203,
Togo,,,,,-7.902837329,0.844321289,0.908220238,1.448110411,11.2691004,5.896633493,3.760880398,1.059267827,1.963415463,0.188487234,-1.383694409,2.134876378,0.576201381,0.572462602,0.940371067,0.677704648,1.120070971,0.404408588,-0.774356403,-0.962542299,1.569206827,1.998548538,1.181188694,1.400974751,1.900133741,2.700024453,3.154090198,4.787888445,3.61513936,1.917831351,2.880051246,3.64003311,3.510769187,1.948220631,0.754987603,1.537460505,1.302010624,
Tonga,,,,,,,,0.117166755,0.120286363,,,,,,0.032603,0.216097051,0.260731196,0.060271312,0.026799421,0.163178563,0.174231312,0.271529152,0.893024884,1.572716535,1.434915699,0.507759341,0.129786899,-0.004961534,0.024224572,0.492191116,2.546232371,0.668261562,-0.181365139,1.626757991,1.922886299,2.77463731,3.410034605,9.06575969,1.197118596,-0.011631077,4.654132928,
Trinidad and Tobago,10.12350205,11.51920353,7.94725956,5.012278239,5.88407841,3.805592798,5.285288148,2.66169297,3.616543501,2.038784066,2.959354934,3.768098548,2.54700021,1.509129632,1.459591321,0.016047634,-0.303018001,0.690717268,1.39893317,3.444202985,2.158844598,3.157686979,3.21544793,8.271346906,10.43366598,5.609349904,6.17063284,17.41706089,12.07482582,9.447822868,8.333011135,9.460759717,8.777486591,7.1938665,7.746389497,5.879635009,4.805059251,3.818112119,10.32250969,3.597901674,2.666482599,
Tunisia,,,,,,,2.431482058,1.824900775,1.529849189,0.684458489,2.683209229,3.507899288,4.183682688,2.205335369,1.372335201,1.282368229,0.71225146,0.945823687,0.600417378,0.771644491,0.620645309,0.959532829,3.39259638,3.84625648,2.763534384,1.466043368,1.2167962,1.634444652,2.980500468,1.524817399,3.502865915,2.047773454,3.417199787,1.970193724,1.903831994,2.239704524,9.512869854,3.934593714,5.879026596,3.665850834,3.162879974,
Turkey,,,,,0.179775716,0.255412349,0.019500729,0.046014769,0.052189645,0.083898168,0.026166864,0.13372744,0.085210108,0.074580549,0.188365012,0.147244852,0.165064419,0.1319219,0.389641206,0.618797161,0.453953303,0.536277348,0.530500634,0.352506325,0.465222434,0.522167204,0.397849726,0.42405325,0.349069822,0.313511667,0.36838695,1.710157935,0.465307177,0.561706341,0.710157955,2.076898285,3.802033605,3.406756575,2.670546169,1.36830955,1.236987947,
Turkmenistan,,,,,,,,,,,,,,,,,,,,,,,,2.484881581,4.021680201,9.386726712,4.541706722,4.4022963,2.390923182,5.100611272,4.509990241,4.80936257,6.185526824,3.780882417,5.172299512,5.160188109,7.111583749,6.75922963,6.626357388,20.73399932,10.41463457,
Turks and Caicos Islands,,,,,,,,,,,,,,,,,,,,,,,,,,,,,,,,,,,,,,,,,,
Tuvalu,,,,,,,,,,,,,,,,,,,,,,,,,2.204418776,0,0.324274395,0,0.391929622,0.146127267,-6.609157828,4.245843493,167.3826768,0.053682067,0.182052484,-0.090143531,19.9903046,0.497205944,5.584865124,8.541015665,4.784566271,
Uganda,0.33345114,-0.084674501,-0.798137961,0.305555604,0.08099307,0.088999812,0.083765783,0.02724359,0.081396184,0.093500543,0.321385816,,0.092766935,,,-0.113646204,,,0.072208471,-0.033355564,-0.137301381,0.030104802,0.104988428,1.695420934,2.210287817,2.105695199,2.001791578,2.791365385,3.189155246,2.337226332,2.594761836,2.593888445,2.988527352,3.190820333,3.720440644,4.111665017,6.457341799,6.649080957,5.047222959,4.990630579,4.803891378,
Ukraine,,,,,,,,,,,,,,,,,,,,,,,0.270481194,0.304652535,0.302571544,0.553782573,1.169260492,1.242263277,1.773979219,1.570582531,1.90329792,2.083698124,1.634707852,2.840447064,2.643216859,9.064101556,5.200779928,6.930401218,6.063033576,4.108241595,4.708933891,
United Arab Emirates,,,,,,0.108351025,0.257273415,0.45127459,0.164536834,0.206818392,0.223951388,-0.034337775,0.203892014,0.106393608,0.407195241,-0.544187527,0.32468554,0.128404885,0.52070707,0.093548785,-0.22843531,0.050317964,0.239162944,0.72147195,0.105319789,0.608195468,0.408474867,0.294815986,0.340485302,-1.166835753,-0.485281519,1.145892137,0.086781364,3.422662616,6.76715192,6.034830889,5.765713028,5.495455808,4.358847875,1.480644772,1.326497633,
United Kingdom,1.192350553,1.2546474,0.744737649,1.487484297,2.211997536,1.403630878,1.323418117,1.725416204,1.164904995,1.531321844,1.867992619,1.14155953,1.102592621,1.112097805,-0.079147257,1.179591794,1.502302701,2.272718937,2.651449853,3.682752883,3.308754972,1.558133193,1.516730487,1.683643677,1.011242469,1.878067522,2.245963466,2.759977862,5.127059891,5.94476586,8.269481327,3.66123966,1.584091177,1.484278033,2.604400456,7.779087365,6.304579926,7.183802228,3.547316418,3.358387347,2.341947746,
United States,0.12295082,0.078160093,0.110204082,0.154823633,0.224106602,0.157693729,0.179647338,0.14402066,0.257029877,0.342048359,0.611743451,0.811585798,0.386467144,0.298554279,0.634806686,0.478159052,0.800429379,1.244355062,1.14059938,1.254664779,0.843187035,0.390847623,0.316362707,0.780507071,0.659631361,0.787637632,1.116228664,1.278871192,2.048163826,3.111955704,3.245585323,1.632026891,0.796679949,0.574883671,1.235711927,0.895394962,1.823240503,1.580321543,2.16895271,1.128846528,1.619457533,
Uruguay,0.099661155,-0.029565325,-0.052066616,0.035062975,-0.001955869,0.639856696,0.085897505,1.604018831,2.623081361,3.000899501,2.848562698,0.439885264,-0.149256944,0.109754823,0.070099603,-0.166947806,0.629239614,0.680014106,0.56979256,0.446737964,0.446722403,0.288590417,0.087745473,0.676569936,0.884141497,0.811497222,0.666814008,0.527331393,0.646421115,0.981072956,1.176821582,1.420153754,1.423941363,3.456918483,2.428477141,4.880529961,7.627845632,5.67891414,5.958539348,4.145807616,4.166162521,
Uzbekistan,,,,,,,,,,,,,,,,,,,,,,,0.069477679,0.366414213,0.565932082,-0.179769066,0.645212527,1.131261325,0.931351445,0.709665611,0.542863133,0.726229698,0.674033133,0.815041487,1.467993801,1.339156863,1.020498263,3.160716907,2.54786249,2.166571345,2.108686887,
Vanuatu,,,,,,,,,,4.100325339,4.086907025,7.211401481,7.063993672,5.327732189,5.487052521,3.739557018,1.699722666,9.854508328,7.279645461,6.345823969,8.277406287,13.48785963,13.48656296,13.80682151,13.58484398,13.27260966,13.35036794,11.81494973,7.770980694,5.001270658,7.44668952,6.980397684,5.411479992,5.74779822,5.454475446,3.369376428,9.978628495,6.471937126,7.397580364,5.436542245,5.567057084,
Venezuela,-0.177016827,1.458032376,-2.361383762,-0.431966934,-1.478318571,1.330652327,-2.450905003,-0.007085991,0.144062351,0.157845963,0.081924331,0.243712388,0.33509946,0.109433549,0.032170237,0.117371414,0.02715772,0.046312843,0.152323174,0.505430366,0.959013172,3.703534533,1.075758754,0.640192137,1.438176857,1.315284476,3.198132332,7.225289941,5.457717915,2.949758074,4.012885809,2.996507976,0.841859702,2.439543817,1.318791935,1.904290803,-0.276873153,0.715113372,0.384083064,-0.777596907,0.308538405,
Vietnam,,,,,,,,,,,,,,,,-0.00056759,0.00015188,0.028271245,0.030207901,0.064671903,2.781322897,3.902796786,4.803347843,7.027592343,11.93948242,8.58596608,9.713080733,8.270096544,6.141214415,4.922663629,4.163924231,3.977335384,3.993357785,3.66601231,3.544081073,3.692554455,3.940012276,9.434547724,10.51550551,7.820514676,7.516900448,
Virgin Islands (U.S.),,,,,,,,,,,,,,,,,,,,,,,,,,,,,,,,,,,,,,,,,,
West Bank and Gaza,,,,,,,,,,,,,,,,,,,,,,,,,,3.807335296,5.271632248,4.403884329,5.530699274,4.524738261,1.507453048,0.575456221,0.333269987,0.571556592,1.355745386,1.158953087,,,,,,
"Yemen, Rep.",,,,,,,,,,,,,,,,,,,,,-2.317941578,4.763614789,11.10827476,16.82105961,0.379137272,-5.111782106,-1.038770634,-2.025138318,-3.468654179,-4.025597765,0.066410169,1.574386892,1.068914126,-0.756569252,1.034909643,-1.802916178,5.874624952,4.235665395,5.775543885,0.514099398,0.178229669,
Zambia,0.532216948,0.509306967,1.54876253,1.314577228,1.305482807,1.556326303,1.163769727,1.708105492,1.373389636,1.049622527,1.588599693,-0.958049873,1.007450282,0.773974945,0.632468894,2.28636432,1.700309686,3.288827328,2.502085388,4.098047457,6.164126178,1.015757086,1.41384459,9.604383501,1.195251995,2.789246205,3.580707158,5.303826939,6.116389517,5.173505753,3.753262726,1.971439459,8.006261614,7.933492244,6.692189821,4.972308537,5.753860097,11.47085026,6.410990749,5.425993769,6.431230675,
Zimbabwe,0.990868118,1.00242516,0.877235751,0.921327959,0.83748488,0.660444154,0.673633489,-0.087416579,0.057890776,0.002838292,0.023202877,0.044262879,-0.009851458,-0.026716947,-0.039171093,0.050531809,0.119744266,-0.452539836,-0.230762894,-0.122862257,-0.138958363,0.032291753,0.221431698,0.425897784,0.502837236,1.655119113,0.945850736,1.583901358,6.940053256,0.860307489,0.346788445,0.056068825,0.408381029,0.06634551,0.149855352,1.786206004,0.734767827,1.301977507,1.168556905,1.799111626,1.409845608,